번호,접속 사이트,제공항목(데이터셋),폴더명,작업자,시작일,종료일,검토자,진행상태,비고,획득방식,제공방식,원본제공처,비고0,비고2_comment,자료명,서비스명,사이트,서비스키헤더,서비스키명,서비스키,파라미터,제공방식,데이터타입,참고문서,참고문서타입,주기,비고_파라미터설명,완료여부,API PGM ID,파일명
1,국가통계포털,발주자/공종별 건설수주액(경상),1_발주자_공종별 건설수주액(경상),,,,,,,,API or DATA,통계청,건설/주택/토지 관련,,,,,,,,,,,,,,,완료,TB_OD10001.py,TB_OD10001_yyyymm.csv
2,국가통계포털,공종별 건설수주액(계절조정),2_공종별 건설수주액(계절조정),,,,,,,,API or DATA,통계청,건설/주택/토지 관련,,,,,,,,,,,,,,,완료,TB_OD10002.py,TB_OD10002_yyyymm.csv
3,국가통계포털,발주자별 건설수주액(계절조정),3_발주자별 건설수주액(계절조정),,,,,,,,API or DATA,통계청,건설/주택/토지 관련,,,,,,,,,,,,,,,완료,TB_OD10003.py,TB_OD10003_yyyymm.csv
4,국가통계포털,발주자/공종별 수주건수(경상),4_발주자_공종별 수주건수(경상),,,,,,,,API or DATA,통계청,건설/주택/토지 관련,,,,,,,,,,,,,,,완료,TB_OD10004.py,TB_OD10004_yyyymm.csv
5,국가통계포털,공사지역/발주자별 건설수주액(경상),5_공사지역_발주자별 건설수주액(경상),,,,,,,,API or DATA,통계청,건설/주택/토지 관련,,,,,,,,,,,,,,,완료,TB_OD10005.py,TB_OD10005_yyyymm.csv
6,국가통계포털,공사지역/공종별 건설수주액(경상),6_공사지역_공종별 건설수주액(경상),,,,,,,,API or DATA,통계청,건설/주택/토지 관련,,,,,,,,,,,,,,,완료,TB_OD10006.py,TB_OD10006_yyyymm.csv
7,국가통계포털,발주자별 건설기성액(경상),7_발주자별 건설기성액(경상),,,,,,,,API or DATA,통계청,건설/주택/토지 관련,,,,,,,,,,,,,,,완료,TB_OD10007.py,TB_OD10007_yyyymm.csv
8,국가통계포털,공종별 건설기성액(경상),8_공종별 건설기성액(경상),,,,,,,,API or DATA,통계청,건설/주택/토지 관련,,,,,,,,,,,,,,,완료,TB_OD10008.py,TB_OD10008_yyyymm.csv
9,국가통계포털,발주자별 건설기성액(계절조정),9_발주자별 건설기성액(계절조정),,,,,,,,API or DATA,통계청,건설/주택/토지 관련,,,,,,,,,,,,,,,완료,TB_OD10009.py,TB_OD10009_yyyymm.csv
10,국가통계포털,공종별 건설기성액(계절조정),10_공종별 건설기성액(계절조정),,,,,,,,API or DATA,통계청,건설/주택/토지 관련,,,,,,,,,,,,,,,완료,TB_OD10010.py,TB_OD10010_yyyymm.csv
11,국가통계포털,공종별 건설기성액(불변),11_공종별 건설기성액(불변),,,,,,,,API or DATA,통계청,건설/주택/토지 관련,,,,,,,,,,,,,,,완료,TB_OD10011.py,TB_OD10011_yyyymm.csv
12,국가통계포털,공종별 건설기성액(불변_계절조정),12_공종별 건설기성액(불변_계절조정),,,,,,,,API or DATA,통계청,건설/주택/토지 관련,,,,,,,,,,,,,,,완료,TB_OD10012.py,TB_OD10012_yyyymm.csv
13,국가통계포털,발주자별 공종별건설공사계약액 추이,13_발주자별 공종별건설공사계약액 추이,,,,,,,,API or DATA,국토교통부,건설/주택/토지 관련,,,,,,,,,,,,,,,완료,TB_OD10013.py,TB_OD10013_yyyymm.csv
14,국가통계포털,세부공종별 건설공사계약액 추이,14_세부공종별 건설공사계약액 추이,,,,,,,,API or DATA,국토교통부,건설/주택/토지 관련,,,,,,,,,,,,,,,완료,TB_OD10014.py,TB_OD10014_yyyymm.csv
15,국가통계포털,"건축물 현황(시도별,층수별)","15_건축물 현황(시도별,층수별)",,,,,,,,API or DATA,국토교통부,건설/주택/토지 관련,,,,,,,,,,,,,,,완료,TB_OD10015.py,TB_OD10015_yyyy.csv
16,국가통계포털,"건축물 현황(시도별,용도별)","16_건축물 현황(시도별,용도별)",,,,,,,,API or DATA,국토교통부,건설/주택/토지 관련,,,,,,,,,,,,,,,완료,TB_OD10016.py,TB_OD10016_yyyy.csv
17,국가통계포털,"건축물 현황(면적별,시도별)","17_건축물 현황(면적별,시도별)",,,,,,,,API or DATA,국토교통부,건설/주택/토지 관련,,,,,,,,,,,,,,,완료,TB_OD10017.py,TB_OD10017_yyyy.csv
18,국가통계포털,면적별 건축물 현황,18_면적별 건축물 현황,,,,,,,,API or DATA,국토교통부,건설/주택/토지 관련,,,,,,,,,,,,,,,20190419 삭제,TB_OD10018.py,TB_OD10018_yyyymm.csv
19,국가통계포털,용도별 건축물 현황,19_용도별 건축물 현황,,,,,,,,API or DATA,국토교통부,건설/주택/토지 관련,,,,,,,,,,,,,,,완료,TB_OD10019.py,TB_OD10019_yyyymm.csv
20,국가통계포털,용도별 건축물 현황(50만_이상_도시),20_용도별 건축물 현황(50만_이상_도시),,,,,,,,API or DATA,국토교통부,건설/주택/토지 관련,,,,,,,,,,,,,,,완료,TB_OD10020.py,TB_OD10020_yyyymm.csv
21,국가통계포털,층수별 건축물 현황,21_층수별 건축물 현황,,,,,,,,API or DATA,국토교통부,건설/주택/토지 관련,,,,,,,,,,,,,,,20190419 삭제,TB_OD10021.py,TB_OD10021_yyyymm.csv
22,국가통계포털,시도별 건축물착공현황,22_시도별 건축물착공현황,,,,,,,,API or DATA,국토교통부,건설/주택/토지 관련,,,,,,,,,,,,,,,완료,TB_OD10022.py,TB_OD10022_yyyymm.csv
23,국가통계포털,시도별 건축허가현황,23_시도별 건축허가현황,,,,,,,,API or DATA,국토교통부,건설/주택/토지 관련,,,,,,,,,,,,,,,완료,TB_OD10023.py,TB_OD10023_yyyymm.csv
24,국가통계포털,연도별 건축물착공현황,24_연도별 건축물착공현황,,,,,,,,API or DATA,국토교통부,건설/주택/토지 관련,,,,,,,,,,,,,,,완료,TB_OD10024.py,TB_OD10024_yyyy.csv
25,국가통계포털,연도별 건축허가현황,25_연도별 건축허가현황,,,,,,,,API or DATA,국토교통부,건설/주택/토지 관련,,,,,,,,,,,,,,,완료,TB_OD10025.py,TB_OD10025_yyyy.csv
26,국가통계포털,연도별 서울시 재건축사업현황,26_연도별 서울시 재건축사업현황,,,,,,,,API or DATA,국토교통부,건설/주택/토지 관련,,,,,,,,,,,,,,,완료,TB_OD10026.py,TB_OD10026_yyyy.csv
27,국가통계포털,시도별 가로주택정비사업 현황 누계,27_시도별 가로주택정비사업 현황 누계,,,,,,,,API or DATA,국토교통부,건설/주택/토지 관련,,,,,,,,,,,,,,,완료,TB_OD10027.py,TB_OD10027_yyyy.csv
28,국가통계포털,시도별 재건축사업현황_누계,28_시도별 재건축사업현황_누계,,,,,,,,API or DATA,국토교통부,건설/주택/토지 관련,,,,,,,,,,,,,,,완료,TB_OD10028.py,TB_OD10028_yyyymm.csv
29,국가통계포털,시도별 주거환경개선사업현황_누계,29_시도별 주거환경개선사업현황_누계,,,,,,,,API or DATA,국토교통부,건설/주택/토지 관련,,,,,,,,,,,,,,,완료,TB_OD10029.py,TB_OD10029_yyyymm.csv
30,국가통계포털,시도별 주거환경관리사업현황_누계,30_시도별 주거환경관리사업현황_누계,,,,,,,,API or DATA,국토교통부,건설/주택/토지 관련,,,,,,,,,,,,,,,완료,TB_OD10030.py,TB_OD10030_yyyymm.csv
31,국가통계포털,시도별 주택재개발사업현황,31_시도별 주택재개발사업현황,,,,,,,,API or DATA,국토교통부,건설/주택/토지 관련,,,,,,,,,,,,,,,완료,TB_OD10031.py,TB_OD10031_yyyymm.csv
32,국가통계포털,연도별 가로주택정비사업 현황,32_연도별 가로주택정비사업 현황,,,,,,,,API or DATA,국토교통부,건설/주택/토지 관련,,,,,,,,,,,,,,,완료,TB_OD10032.py,TB_OD10032_yyyymm.csv
33,국가통계포털,연도별 주거환경개선사업현황,33_연도별 주거환경개선사업현황,,,,,,,,API or DATA,국토교통부,건설/주택/토지 관련,,,,,,,,,,,,,,,완료,TB_OD10033.py,TB_OD10033_yyyymm.csv
34,국가통계포털,연도별 주거환경관리사업현황,34_연도별 주거환경관리사업현황,,,,,,,,API or DATA,국토교통부,건설/주택/토지 관련,,,,,,,,,,,,,,,완료,TB_OD10034.py,TB_OD10034_yyyymm.csv
35,국가통계포털,연도별 주택재개발사업현황,35_연도별 주택재개발사업현황,,,,,,,,API or DATA,국토교통부,건설/주택/토지 관련,,,,,,,,,,,,,,,완료,TB_OD10035.py,TB_OD10035_yyyymm.csv
36,국가통계포털,연도별 주택재건축사업현황,36_연도별 주택재건축사업현황,,,,,,,,API or DATA,국토교통부,건설/주택/토지 관련,,,,,,,,,,,,,,,완료,TB_OD10036.py,TB_OD10036_yyyymm.csv
37,국가통계포털,공동주택 통합 매매 실거래가격지수,37_공동주택 통합 매매 실거래가격지수,,,,,,,,API or DATA,한국감정원,건설/주택/토지 관련,,,,,,,,,,,,,,,완료,TB_OD10037.py,TB_OD10037_yyyymm.csv
38,국가통계포털,규모별 아파트 전세 실거래가격지수,38_규모별 아파트 전세 실거래가격지수,,,,,,,,API or DATA,한국감정원,건설/주택/토지 관련,,,,,,,,,,,,,,,완료,TB_OD10038.py,TB_OD10038_yyyymm.csv
39,국가통계포털,규모별 아파트 매매 실거래가격지수,39_규모별 아파트 매매 실거래가격지수,,,,,,,,API or DATA,한국감정원,건설/주택/토지 관련,,,,,,,,,,,,,,,완료,TB_OD10039.py,TB_OD10039_yyyymm.csv
40,국가통계포털,규모별 연립 다세대 매매 실거래가격지수,40_규모별 연립 다세대 매매 실거래가격지수,,,,,,,,API or DATA,한국감정원,건설/주택/토지 관련,,,,,,,,,,,,,,,완료,TB_OD10040.py,TB_OD10040_yyyymm.csv
41,국가통계포털,아파트 전세 실거래가격지수,41_아파트 전세 실거래가격지수,,,,,,,,API or DATA,한국감정원,건설/주택/토지 관련,,,,,,,,,,,,,,,완료,TB_OD10041.py,TB_OD10041_yyyymm.csv
42,국가통계포털,아파트 규모별 매매 중위가격,42_아파트 규모별 매매 중위가격,,,,,,,,API or DATA,한국감정원,건설/주택/토지 관련,,,,,,,,,,,,,,,완료,TB_OD10042.py,TB_OD10042_yyyymm.csv
43,국가통계포털,아파트 규모별 매매 평균가격,43_아파트 규모별 매매 평균가격,,,,,,,,API or DATA,한국감정원,건설/주택/토지 관련,,,,,,,,,,,,,,,완료,TB_OD10043.py,TB_OD10043_yyyymm.csv
44,국가통계포털,아파트 매매 실거래가격지수,44_아파트 매매 실거래가격지수,,,,,,,,API or DATA,한국감정원,건설/주택/토지 관련,,,,,,,,,,,,,,,완료,TB_OD10044.py,TB_OD10044_yyyymm.csv
45,국가통계포털,아파트 매매 실거래가격지수_시군구_분기별,45_아파트 매매 실거래가격지수_시군구_분기별,,,,,,,,API or DATA,한국감정원,건설/주택/토지 관련,,,,,,,,,,,,,,,완료,TB_OD10045.py,TB_OD10045_yyyymm.csv
46,국가통계포털,아파트 매매 중위가격,46_아파트 매매 중위가격,,,,,,,,API or DATA,한국감정원,건설/주택/토지 관련,,,,,,,,,,,,,,,완료,TB_OD10046.py,TB_OD10046_yyyymm.csv
47,국가통계포털,아파트 매매 평균가격,47_아파트 매매 평균가격,,,,,,,,API or DATA,한국감정원,건설/주택/토지 관련,,,,,,,,,,,,,,,완료,TB_OD10047.py,TB_OD10047_yyyymm.csv
48,국가통계포털,연립 다세대 매매 실거래가격지수,48_연립 다세대 매매 실거래가격지수,,,,,,,,API or DATA,한국감정원,건설/주택/토지 관련,,,,,,,,,,,,,,,완료,TB_OD10048.py,TB_OD10048_yyyymm.csv
49,국가통계포털,연립다세대 규모별 매매 중위가격,49_연립다세대 규모별 매매 중위가격,,,,,,,,API or DATA,한국감정원,건설/주택/토지 관련,,,,,,,,,,,,,,,완료,TB_OD10049.py,TB_OD10049_yyyymm.csv
50,국가통계포털,연립다세대 규모별 매매 평균가격,50_연립다세대 규모별 매매 평균가격,,,,,,,,API or DATA,한국감정원,건설/주택/토지 관련,,,,,,,,,,,,,,,완료,TB_OD10050.py,TB_OD10050_yyyymm.csv
51,국가통계포털,연립다세대 매매 중위가격,51_연립다세대 매매 중위가격,,,,,,,,API or DATA,한국감정원,건설/주택/토지 관련,,,,,,,,,,,,,,,완료,TB_OD10051.py,TB_OD10051_yyyymm.csv
52,국가통계포털,연립다세대 매매 평균가격,52_연립다세대 매매 평균가격,,,,,,,,API or DATA,한국감정원,건설/주택/토지 관련,,,,,,,,,,,,,,,완료,TB_OD10052.py,TB_OD10052_yyyymm.csv
53,국가통계포털,연립 다세대 실거래가격지수_수도권_분기별,53_연립 다세대 실거래가격지수_수도권_분기별,,,,,,,,API or DATA,한국감정원,건설/주택/토지 관련,,,,,,,,,,,,,,,완료,TB_OD10053.py,TB_OD10053_yyyymm.csv
54,국가통계포털,규모별 미분양현황,54_규모별 미분양현황,,,,,,,,API or DATA,국토교통부,건설/주택/토지 관련,,,,,,,,,,,,,,,완료,TB_OD10054.py,TB_OD10054_yyyymm.csv
55,국가통계포털,공사완료후 미분양현황,55_공사완료후 미분양현황,,,,,,,,API or DATA,국토교통부,건설/주택/토지 관련,,,,,,,,,,,,,,,완료,TB_OD10055.py,TB_OD10055_yyyymm.csv
56,국가통계포털,시?군?구별 미분양현황,56_시?군?구별 미분양현황,,,,,,,,API or DATA,국토교통부,건설/주택/토지 관련,,,,,,,,,,,,,,,완료,TB_OD10056.py,TB_OD10056_yyyymm.csv
57,국가통계포털,미분양현황_종합,57_미분양현황_종합,,,,,,,,API or DATA,국토교통부,건설/주택/토지 관련,,,,,,,,,,,,,,,완료,TB_OD10057.py,TB_OD10057_yyyymm.csv
58,국가통계포털,부동산시장 소비심리지수,58_부동산시장 소비심리지수,,,,,,,,API or DATA,국토연구원,건설/주택/토지 관련,,,,,,,,,,,,,,,완료,TB_OD10058.py,TB_OD10058_yyyymm.csv
59,국가통계포털,주택시장 소비심리지수,59_주택시장 소비심리지수,,,,,,,,API or DATA,국토연구원,건설/주택/토지 관련,,,,,,,,,,,,,,,완료,TB_OD10059.py,TB_OD10059_yyyymm.csv
60,국가통계포털,토지시장 소비심리지수,60_토지시장 소비심리지수,,,,,,,,API or DATA,국토연구원,건설/주택/토지 관련,,,,,,,,,,,,,,,완료,TB_OD10060.py,TB_OD10060_yyyymm.csv
61,국가통계포털,주택매매시장 소비심리지수,61_주택매매시장 소비심리지수,,,,,,,,API or DATA,국토연구원,건설/주택/토지 관련,,,,,,,,,,,,,,,완료,TB_OD10061.py,TB_OD10061_yyyymm.csv
62,국가통계포털,주택전세시장 소비심리지수,62_주택전세시장 소비심리지수,,,,,,,,API or DATA,국토연구원,건설/주택/토지 관련,,,,,,,,,,,,,,,완료,TB_OD10062.py,TB_OD10062_yyyymm.csv
63,국가통계포털,연도별 사업주체별 건설현황,63_연도별 사업주체별 건설현황,,,,,,,,API or DATA,국토교통부,건설/주택/토지 관련,,,,,,,,,,,,,,,완료,TB_OD10063.py,TB_OD10063_yyyymm.csv
64,국가통계포털,준공연도별 규모현황,64_준공연도별 규모현황,,,,,,,,API or DATA,국토교통부,건설/주택/토지 관련,,,,,,,,,,,,,,,완료,TB_OD10064.py,TB_OD10064_yyyymm.csv
65,국가통계포털,준공연도별 지역별 규모 현황,65_준공연도별 지역별 규모 현황,,,,,,,,API or DATA,국토교통부,건설/주택/토지 관련,,,,,,,,,,,,,,,완료,TB_OD10065.py,TB_OD10065_yyyymm.csv
66,국가통계포털,준공년도별 지역별 규모현황,66_준공년도별 지역별 규모현황,,,,,,,,API or DATA,국토교통부,건설/주택/토지 관련,,,,,,,,,,,,,,,완료,TB_OD10066.py,TB_OD10066_yyyymm.csv
67,국가통계포털,지역별 규모현황,67_지역별 규모현황,,,,,,,,API or DATA,국토교통부,건설/주택/토지 관련,,,,,,,,,,,,,,,완료,TB_OD10067.py,TB_OD10067_yyyymm.csv
68,국가통계포털,지역별 단지면적 현황,68_지역별 단지면적 현황,,,,,,,,API or DATA,국토교통부,건설/주택/토지 관련,,,,,,,,,,,,,,,완료,TB_OD10068.py,TB_OD10068_yyyymm.csv
69,국가통계포털,지역별 대중교통 및 교육시설 인접현황,69_지역별 대중교통 및 교육시설 인접현황,,,,,,,,API or DATA,국토교통부,건설/주택/토지 관련,,,,,,,,,,,,,,,완료,TB_OD10069.py,TB_OD10069_yyyymm.csv
70,국가통계포털,지역별 용도지역 현황,70_지역별 용도지역 현황,,,,,,,,API or DATA,국토교통부,건설/주택/토지 관련,,,,,,,,,,,,,,,20190419 삭제,TB_OD10070.py,TB_OD10070_yyyymm.csv
71,국가통계포털,지역별 용도지역 현황,71_지역별 용도지역 현황,,,,,,,,API or DATA,국토교통부,건설/주택/토지 관련,,,,,,,,,,,,,,,20190419 삭제,TB_OD10071.py,TB_OD10071_yyyymm.csv
72,국가통계포털,지역별 일반 면적현황,72_지역별 일반 면적현황,,,,,,,,API or DATA,국토교통부,건설/주택/토지 관련,,,,,,,,,,,,,,,20190419 삭제,TB_OD10072.py,TB_OD10072_yyyymm.csv
73,국가통계포털,년도별 사업주체별 건설현황,73_년도별 사업주체별 건설현황,,,,,,,,API or DATA,국토교통부,건설/주택/토지 관련,,,,,,,,,,,,,,,완료,TB_OD10073.py,TB_OD10073_yyyymm.csv
74,국가통계포털,지역별 구조방식 현황,74_지역별 구조방식 현황,,,,,,,,API or DATA,국토교통부,건설/주택/토지 관련,,,,,,,,,,,,,,,20190419 삭제,TB_OD10074.py,TB_OD10074_yyyymm.csv
75,국가통계포털,층수별 구조방식 현황(층수별),75_층수별 구조방식 현황(층수별),,,,,,,,API or DATA,국토교통부,건설/주택/토지 관련,,,,,,,,,,,,,,,20190419 삭제,TB_OD10075.py,TB_OD10075_yyyymm.csv
76,국가통계포털,매매가격지수,76_매매가격지수,,,,,,,,API or DATA,한국감정원,건설/주택/토지 관련,,,,,,,,,,,,,,,완료,TB_OD10076.py,TB_OD10076_yyyymm.csv
77,국가통계포털,전세가격지수,77_전세가격지수,,,,,,,,API or DATA,한국감정원,건설/주택/토지 관련,,,,,,,,,,,,,,,완료,TB_OD10077.py,TB_OD10077_yyyymm.csv
78,국가통계포털,월세가격지수,78_월세가격지수,,,,,,,,API or DATA,한국감정원,건설/주택/토지 관련,,,,,,,,,,,,,,,완료,TB_OD10078.py,TB_OD10078_yyyymm.csv
79,국가통계포털,매매가격,79_매매가격,,,,,,,,API or DATA,한국감정원,건설/주택/토지 관련,,,,,,,,,,,,,,,완료,TB_OD10079.py,TB_OD10079_yyyymm.csv
80,국가통계포털,전세가격,80_전세가격,,,,,,,,API or DATA,한국감정원,건설/주택/토지 관련,,,,,,,,,,,,,,,완료,TB_OD10080.py,TB_OD10080_yyyymm.csv
81,국가통계포털,월세가격,81_월세가격,,,,,,,,API or DATA,한국감정원,건설/주택/토지 관련,,,,,,,,,,,,,,,완료,TB_OD10081.py,TB_OD10081_yyyymm.csv
82,국가통계포털,매매가격 대비 전세가격 비율,82_매매가격 대비 전세가격 비율,,,,,,,,API or DATA,한국감정원,건설/주택/토지 관련,,,,,,,,,,,,,,,완료,TB_OD10082.py,TB_OD10082_yyyymm.csv
83,국가통계포털,전세가격 대비 월세보증금 비율,83_전세가격 대비 월세보증금 비율,,,,,,,,API or DATA,한국감정원,건설/주택/토지 관련,,,,,,,,,,,,,,,완료,TB_OD10083.py,TB_OD10083_yyyymm.csv
84,국가통계포털,전월세 전환율,84_전월세 전환율,,,,,,,,API or DATA,한국감정원,건설/주택/토지 관련,,,,,,,,,,,,,,,완료,TB_OD10084.py,TB_OD10084_yyyymm.csv
85,국가통계포털,수익률,85_수익률,,,,,,,,API or DATA,한국감정원,건설/주택/토지 관련,,,,,,,,,,,,,,,완료,TB_OD10085.py,TB_OD10085_yyyymm.csv
86,국가통계포털,가격지수 상대표준오차,86_가격지수 상대표준오차,,,,,,,,API or DATA,한국감정원,건설/주택/토지 관련,,,,,,,,,,,,,,,20190419 삭제,TB_OD10086.py,TB_OD10086_yyyymm.csv
87,국가통계포털,시도별 임대주택사업자현황,87_시도별 임대주택사업자현황,,,,,,,,API or DATA,국토교통부,건설/주택/토지 관련,,,,,,,,,,,,,,,완료,TB_OD10087.py,TB_OD10087_yyyymm.csv
88,국가통계포털,연도별 임대주택사업자현황,88_연도별 임대주택사업자현황,,,,,,,,API or DATA,국토교통부,건설/주택/토지 관련,,,,,,,,,,,,,,,완료,TB_OD10088.py,TB_OD10088_yyyymm.csv
89,국가통계포털,임대주택건설실적,89_임대주택건설실적,,,,,,,,API or DATA,국토교통부,건설/주택/토지 관련,,,,,,,,,,,,,,,완료,TB_OD10089.py,TB_OD10089_yyyymm.csv
90,국가통계포털,임대주택 건설실적,90_임대주택 건설실적,,,,,,,,API or DATA,국토교통부,건설/주택/토지 관련,,,,,,,,,,,,,,,완료,TB_OD10090.py,TB_OD10090_yyyymm.csv
91,국가통계포털,임대주택건설실적,91_임대주택건설실적,,,,,,,,API or DATA,국토교통부,건설/주택/토지 관련,,,,,,,,,,,,,,,완료,TB_OD10091.py,TB_OD10091_yyyymm.csv
92,국가통계포털,임대주택 분양전환 실적,92_임대주택 분양전환 실적,,,,,,,,API or DATA,국토교통부,건설/주택/토지 관련,,,,,,,,,,,,,,,완료,TB_OD10092.py,TB_OD10092_yyyymm.csv
93,국가통계포털,임대주택 재고현황,93_임대주택 재고현황,,,,,,,,API or DATA,국토교통부,건설/주택/토지 관련,,,,,,,,,,,,,,,완료,TB_OD10093.py,TB_OD10093_yyyymm.csv
94,국가통계포털,규모별 매매가격지수,94_규모별 매매가격지수,,,,,,,,API or DATA,한국감정원,건설/주택/토지 관련,,,,,,,,,,,,,,,완료,TB_OD10094.py,TB_OD10094_yyyymm.csv
95,국가통계포털,규모별 월세가격지수,95_규모별 월세가격지수,,,,,,,,API or DATA,한국감정원,건설/주택/토지 관련,,,,,,,,,,,,,,,완료,TB_OD10095.py,TB_OD10095_yyyymm.csv
96,국가통계포털,규모별 전세가격지수,96_규모별 전세가격지수,,,,,,,,API or DATA,한국감정원,건설/주택/토지 관련,,,,,,,,,,,,,,,완료,TB_OD10096.py,TB_OD10096_yyyymm.csv
97,국가통계포털,규모별 전월세전환율,97_규모별 전월세전환율,,,,,,,,API or DATA,한국감정원,건설/주택/토지 관련,,,,,,,,,,,,,,,완료,TB_OD10097.py,TB_OD10097_yyyymm.csv
98,국가통계포털,연령별 매매가격지수,98_연령별 매매가격지수,,,,,,,,API or DATA,한국감정원,건설/주택/토지 관련,,,,,,,,,,,,,,,완료,TB_OD10098.py,TB_OD10098_yyyymm.csv
99,국가통계포털,연령별 월세가격지수,99_연령별 월세가격지수,,,,,,,,API or DATA,한국감정원,건설/주택/토지 관련,,,,,,,,,,,,,,,완료,TB_OD10099.py,TB_OD10099_yyyymm.csv
100,국가통계포털,연령별 전세가격지수,100_연령별 전세가격지수,,,,,,,,API or DATA,한국감정원,건설/주택/토지 관련,,,,,,,,,,,,,,,완료,TB_OD10100.py,TB_OD10100_yyyymm.csv
101,국가통계포털,유형별 매매가격 대비 전세가격 비율,101_유형별 매매가격 대비 전세가격 비율,,,,,,,,API or DATA,한국감정원,건설/주택/토지 관련,,,,,,,,,,,,,,,완료,TB_OD10101.py,TB_OD10101_yyyymm.csv
102,국가통계포털,유형별 매매가격지수,102_유형별 매매가격지수,,,,,,,,API or DATA,한국감정원,건설/주택/토지 관련,,,,,,,,,,,,,,,완료,TB_OD10102.py,TB_OD10102_yyyymm.csv
103,국가통계포털,유형별 월세가격지수,103_유형별 월세가격지수,,,,,,,,API or DATA,한국감정원,건설/주택/토지 관련,,,,,,,,,,,,,,,완료,TB_OD10103.py,TB_OD10103_yyyymm.csv
104,국가통계포털,유형별 월세통합가격지수,104_유형별 월세통합가격지수,,,,,,,,API or DATA,한국감정원,건설/주택/토지 관련,,,,,,,,,,,,,,,완료,TB_OD10104.py,TB_OD10104_yyyymm.csv
105,국가통계포털,유형별 전세가격 대비 월세보증금 비율,105_유형별 전세가격 대비 월세보증금 비율,,,,,,,,API or DATA,한국감정원,건설/주택/토지 관련,,,,,,,,,,,,,,,완료,TB_OD10105.py,TB_OD10105_yyyymm.csv
106,국가통계포털,유형별 전세가격지수,106_유형별 전세가격지수,,,,,,,,API or DATA,한국감정원,건설/주택/토지 관련,,,,,,,,,,,,,,,완료,TB_OD10106.py,TB_OD10106_yyyymm.csv
107,국가통계포털,유형별 준월세가격지수,107_유형별 준월세가격지수,,,,,,,,API or DATA,한국감정원,건설/주택/토지 관련,,,,,,,,,,,,,,,완료,TB_OD10107.py,TB_OD10107_yyyymm.csv
108,국가통계포털,유형별 준전세가격지수,108_유형별 준전세가격지수,,,,,,,,API or DATA,한국감정원,건설/주택/토지 관련,,,,,,,,,,,,,,,완료,TB_OD10108.py,TB_OD10108_yyyymm.csv
109,국가통계포털,전월세통합지수,109_전월세통합지수,,,,,,,,API or DATA,한국감정원,건설/주택/토지 관련,,,,,,,,,,,,,,,완료,TB_OD10109.py,TB_OD10109_yyyymm.csv
110,국가통계포털,주요지역별 매매수급동향,110_주요지역별 매매수급동향,,,,,,,,API or DATA,한국감정원,건설/주택/토지 관련,,,,,,,,,,,,,,,완료,TB_OD10110.py,TB_OD10110_yyyymm.csv
111,국가통계포털,주요지역별 월세수급동향,111_주요지역별 월세수급동향,,,,,,,,API or DATA,한국감정원,건설/주택/토지 관련,,,,,,,,,,,,,,,완료,TB_OD10111.py,TB_OD10111_yyyymm.csv
112,국가통계포털,주요지역별 전세수급동향,112_주요지역별 전세수급동향,,,,,,,,API or DATA,한국감정원,건설/주택/토지 관련,,,,,,,,,,,,,,,완료,TB_OD10112.py,TB_OD10112_yyyymm.csv
113,국가통계포털,지역별 전월세전환율,113_지역별 전월세전환율,,,,,,,,API or DATA,한국감정원,건설/주택/토지 관련,,,,,,,,,,,,,,,완료,TB_OD10113.py,TB_OD10113_yyyymm.csv
114,국가통계포털,유형별 주택매매가격지수(2011.6=100),114_유형별 주택매매가격지수(2011.6=100),,,,,,,,API or DATA,한국감정원,건설/주택/토지 관련,,,,,,,,,,,,,,,완료,TB_OD10114.py,TB_OD10114_yyyymm.csv
115,국가통계포털,유형별 주택전세가격지수(2011.6=100),115_유형별 주택전세가격지수(2011.6=100),,,,,,,,API or DATA,한국감정원,건설/주택/토지 관련,,,,,,,,,,,,,,,완료,TB_OD10115.py,TB_OD10115_yyyymm.csv
116,국가통계포털,"규모별 매매가격지수(전국, 유형별)(2011.6=100)","116_규모별 매매가격지수(전국, 유형별)(2011.6=100)",,,,,,,,API or DATA,한국감정원,건설/주택/토지 관련,,,,,,,,,,,,,,,완료,TB_OD10116.py,TB_OD10116_yyyymm.csv
117,국가통계포털,"주요 지역 규모별 매매가격종합지수(종합, 아파트)(2011.6=100)","117_주요 지역 규모별 매매가격종합지수(종합, 아파트)(2011.6=100)",,,,,,,,API or DATA,한국감정원,건설/주택/토지 관련,,,,,,,,,,,,,,,완료,TB_OD10117.py,TB_OD10117_yyyymm.csv
118,국가통계포털,"규모별 전세가격지수(전국, 유형별) (2011.6=100)","118_규모별 전세가격지수(전국, 유형별) (2011.6=100)",,,,,,,,API or DATA,한국감정원,건설/주택/토지 관련,,,,,,,,,,,,,,,완료,TB_OD10118.py,TB_OD10118_yyyymm.csv
119,국가통계포털,"주요 지역 규모별 전세가격종합지수(종합, 아파트) (2011.6=100)","119_주요 지역 규모별 전세가격종합지수(종합, 아파트) (2011.6=100)",,,,,,,,API or DATA,한국감정원,건설/주택/토지 관련,,,,,,,,,,,,,,,완료,TB_OD10119.py,TB_OD10119_yyyymm.csv
120,국가통계포털,주요지역별 월세이율,120_주요지역별 월세이율,,,,,,,,API or DATA,한국감정원,건설/주택/토지 관련,,,,,,,,,,,,,,,완료,TB_OD10120.py,TB_OD10120_yyyymm.csv
121,국가통계포털,주택임대차계약 구성분포,121_주택임대차계약 구성분포,,,,,,,,API or DATA,한국감정원,건설/주택/토지 관련,,,,,,,,,,,,,,,완료,TB_OD10121.py,TB_OD10121_yyyymm.csv
122,국가통계포털,주요지역별 매수우위지수,122_주요지역별 매수우위지수,,,,,,,,API or DATA,한국감정원,건설/주택/토지 관련,,,,,,,,,,,,,,,완료,TB_OD10122.py,TB_OD10122_yyyymm.csv
123,국가통계포털,주요지역별 매매거래지수,123_주요지역별 매매거래지수,,,,,,,,API or DATA,한국감정원,건설/주택/토지 관련,,,,,,,,,,,,,,,완료,TB_OD10123.py,TB_OD10123_yyyymm.csv
124,국가통계포털,주요지역별 전세수급지수,124_주요지역별 전세수급지수,,,,,,,,API or DATA,한국감정원,건설/주택/토지 관련,,,,,,,,,,,,,,,완료,TB_OD10124.py,TB_OD10124_yyyymm.csv
125,국가통계포털,주요지역별 전세거래지수,125_주요지역별 전세거래지수,,,,,,,,API or DATA,한국감정원,건설/주택/토지 관련,,,,,,,,,,,,,,,완료,TB_OD10125.py,TB_OD10125_yyyymm.csv
126,국가통계포털,APT 매매가격 대비 전세가격 비,126_APT 매매가격 대비 전세가격 비,,,,,,,,API or DATA,한국감정원,건설/주택/토지 관련,,,,,,,,,,,,,,,완료,TB_OD10126.py,TB_OD10126_yyyymm.csv
127,국가통계포털,단독 매매가격 대비 전세가격 비,127_단독 매매가격 대비 전세가격 비,,,,,,,,API or DATA,한국감정원,건설/주택/토지 관련,,,,,,,,,,,,,,,완료,TB_OD10127.py,TB_OD10127_yyyymm.csv
128,국가통계포털,연립 매매가격 대비 전세가격 비,128_연립 매매가격 대비 전세가격 비,,,,,,,,API or DATA,한국감정원,건설/주택/토지 관련,,,,,,,,,,,,,,,완료,TB_OD10128.py,TB_OD10128_yyyymm.csv
129,국가통계포털,종합 매매가격 대비 전세가격 비,129_종합 매매가격 대비 전세가격 비,,,,,,,,API or DATA,한국감정원,건설/주택/토지 관련,,,,,,,,,,,,,,,완료,TB_OD10129.py,TB_OD10129_yyyymm.csv
130,국가통계포털,(일반가구)지역별 소득계층별 점유형태,130_(일반가구)지역별 소득계층별 점유형태,,,,,,,,API or DATA,국토교통부,건설/주택/토지 관련,,,,,,,,,,,,,,,완료,TB_OD10130.py,TB_OD10130_yyyymm.csv
131,국가통계포털,(일반가구)지역별 소득계층별 주택유형,131_(일반가구)지역별 소득계층별 주택유형,,,,,,,,API or DATA,국토교통부,건설/주택/토지 관련,,,,,,,,,,,,,,,완료,TB_OD10131.py,TB_OD10131_yyyymm.csv
132,국가통계포털,(일반가구)행정구역별 점유형태,132_(일반가구)행정구역별 점유형태,,,,,,,,API or DATA,국토교통부,건설/주택/토지 관련,,,,,,,,,,,,,,,완료,TB_OD10132.py,TB_OD10132_yyyymm.csv
133,국가통계포털,(일반가구)행정구역별 주택유형,133_(일반가구)행정구역별 주택유형,,,,,,,,API or DATA,국토교통부,건설/주택/토지 관련,,,,,,,,,,,,,,,완료,TB_OD10133.py,TB_OD10133_yyyymm.csv
134,국가통계포털,부문별 주택건설 인허가실적,134_부문별 주택건설 인허가실적,,,,,,,,API or DATA,국토교통부,건설/주택/토지 관련,,,,,,,,,,,,,,,완료,TB_OD10134.py,TB_OD10134_yyyymm.csv
135,국가통계포털,부문별 주택건설 인허가실적(월별_누계),135_부문별 주택건설 인허가실적(월별_누계),,,,,,,,API or DATA,국토교통부,건설/주택/토지 관련,,,,,,,,,,,,,,,완료,TB_OD10135.py,TB_OD10135_yyyymm.csv
136,국가통계포털,주택유형별 건설실적_다가구 구분,136_주택유형별 건설실적_다가구 구분,,,,,,,,API or DATA,국토교통부,건설/주택/토지 관련,,,,,,,,,,,,,,,완료,TB_OD10136.py,TB_OD10136_yyyymm.csv
137,국가통계포털,주택유형별 건설실적_다가구 구분(월별_누계),137_주택유형별 건설실적_다가구 구분(월별_누계),,,,,,,,API or DATA,국토교통부,건설/주택/토지 관련,,,,,,,,,,,,,,,완료,TB_OD10137.py,TB_OD10137_yyyymm.csv
138,국가통계포털,주택건설실적총괄,138_주택건설실적총괄,,,,,,,,API or DATA,국토교통부,건설/주택/토지 관련,,,,,,,,,,,,,,,완료,TB_OD10138.py,TB_OD10138_yyyymm.csv
139,국가통계포털,주택규모별 주택건설 인허가실적,139_주택규모별 주택건설 인허가실적,,,,,,,,API or DATA,국토교통부,건설/주택/토지 관련,,,,,,,,,,,,,,,완료,TB_OD10139.py,TB_OD10139_yyyymm.csv
140,국가통계포털,주택규모별 주택건설 인허가실적(월별_누계),140_주택규모별 주택건설 인허가실적(월별_누계),,,,,,,,API or DATA,국토교통부,건설/주택/토지 관련,,,,,,,,,,,,,,,완료,TB_OD10140.py,TB_OD10140_yyyymm.csv
141,국가통계포털,지역별 주택건설 인허가실적,141_지역별 주택건설 인허가실적,,,,,,,,API or DATA,국토교통부,건설/주택/토지 관련,,,,,,,,,,,,,,,완료,TB_OD10141.py,TB_OD10141_yyyymm.csv
142,국가통계포털,전용면적별사용검사실적_월계,142_전용면적별사용검사실적_월계,,,,,,,,API or DATA,국토교통부,건설/주택/토지 관련,,,,,,,,,,,,,,,완료,TB_OD10142.py,TB_OD10142_yyyymm.csv
143,국가통계포털,주택사용검사실적_월계,143_주택사용검사실적_월계,,,,,,,,API or DATA,국토교통부,건설/주택/토지 관련,,,,,,,,,,,,,,,완료,TB_OD10143.py,TB_OD10143_yyyymm.csv
144,국가통계포털,"주택유형별사용검사실적_다가구 구분,월계","144_주택유형별사용검사실적_다가구 구분,월계",,,,,,,,API or DATA,국토교통부,건설/주택/토지 관련,,,,,,,,,,,,,,,완료,TB_OD10144.py,TB_OD10144_yyyymm.csv
145,국가통계포털,주택착공실적_월계,145_주택착공실적_월계,,,,,,,,API or DATA,국토교통부,건설/주택/토지 관련,,,,,,,,,,,,,,,완료,TB_OD10145.py,TB_OD10145_yyyymm.csv
146,국가통계포털,전용면적별 착공실적_월계,146_전용면적별 착공실적_월계,,,,,,,,API or DATA,국토교통부,건설/주택/토지 관련,,,,,,,,,,,,,,,완료,TB_OD10146.py,TB_OD10146_yyyymm.csv
147,국가통계포털,"주택유형별 착공실적_다가구 구분,월계","147_주택유형별 착공실적_다가구 구분,월계",,,,,,,,API or DATA,국토교통부,건설/주택/토지 관련,,,,,,,,,,,,,,,완료,TB_OD10147.py,TB_OD10147_yyyymm.csv
148,국가통계포털,주택분양보증현황,148_주택분양보증현황,,,,,,,,API or DATA,국토교통부,건설/주택/토지 관련,,,,,,,,,,,,,,,20190419 삭제,TB_OD10148.py,TB_OD10148_yyyymm.csv
149,국가통계포털,국민주택채권발행현황,149_국민주택채권발행현황,,,,,,,,API or DATA,국토교통부,건설/주택/토지 관련,,,,,,,,,,,,,,,20190419 삭제,TB_OD10149.py,TB_OD10149_yyyymm.csv
150,국가통계포털,주택도시기금 대출실적,150_주택도시기금 대출실적,,,,,,,,API or DATA,국토교통부,건설/주택/토지 관련,,,,,,,,,,,,,,,20190419 삭제,TB_OD10150.py,TB_OD10150_yyyymm.csv
151,국가통계포털,주택도시기금 운용현황,151_주택도시기금 운용현황,,,,,,,,API or DATA,국토교통부,건설/주택/토지 관련,,,,,,,,,,,,,,,20190419 삭제,TB_OD10151.py,TB_OD10151_yyyymm.csv
152,국가통계포털,주택도시기금 조성현황,152_주택도시기금 조성현황,,,,,,,,API or DATA,국토교통부,건설/주택/토지 관련,,,,,,,,,,,,,,,20190419 삭제,TB_OD10152.py,TB_OD10152_yyyymm.csv
153,국가통계포털,인구천인당 주택수,153_인구천인당 주택수,,,,,,,,API or DATA,국토교통부,건설/주택/토지 관련,,,,,,,,,,,,,,,완료,TB_OD10153.py,TB_OD10153_yyyymm.csv
154,국가통계포털,(新)주택보급률,154_(新)주택보급률,,,,,,,,API or DATA,국토교통부,건설/주택/토지 관련,,,,,,,,,,,,,,,완료,TB_OD10154.py,TB_OD10154_yyyymm.csv
155,국가통계포털,(종전)주택보급률,155_(종전)주택보급률,,,,,,,,API or DATA,국토교통부,건설/주택/토지 관련,,,,,,,,,,,,,,,완료,TB_OD10155.py,TB_OD10155_yyyymm.csv
156,국가통계포털,주택 멸실현황,156_주택 멸실현황,,,,,,,,API or DATA,국토교통부,건설/주택/토지 관련,,,,,,,,,,,,,,,완료,TB_OD10156.py,TB_OD10156_yyyymm.csv
157,국가통계포털,주택소재지별 주택수 현황(개인단위),157_주택소재지별 주택수 현황(개인단위),,,,,,,,API or DATA,통계청,건설/주택/토지 관련,,,,,,,,,,,,,,,완료,TB_OD10157.py,TB_OD10157_yyyy.csv
158,국가통계포털,주택소유자수별 주택수 현황(단독 및 공동 소유),158_주택소유자수별 주택수 현황(단독 및 공동 소유),,,,,,,,API or DATA,통계청,건설/주택/토지 관련,,,,,,,,,,,,,,,20190419 삭제,TB_OD10158.py,TB_OD10158_yyyymm.csv
159,국가통계포털,주택소재지별 소유자의 거주지역별 주택수 현황(관내인 및 외지인 소유),159_주택소재지별 소유자의 거주지역별 주택수 현황(관내인 및 외지인 소유),,,,,,,,API or DATA,통계청,건설/주택/토지 관련,,,,,,,,,,,,,,,20190419 삭제,TB_OD10159.py,TB_OD10159_yyyymm.csv
160,국가통계포털,거주지역별 성별 연령대별 주택소유자수 현황,160_거주지역별 성별 연령대별 주택소유자수 현황,,,,,,,,API or DATA,통계청,건설/주택/토지 관련,,,,,,,,,,,,,,,완료,TB_OD10160.py,TB_OD10160_yyyy.csv
161,국가통계포털,거주지역별 주택 소유물건수별 주택소유자수 현황,161_거주지역별 주택 소유물건수별 주택소유자수 현황,,,,,,,,API or DATA,통계청,건설/주택/토지 관련,,,,,,,,,,,,,,,20190419 삭제,TB_OD10161.py,TB_OD10161_yyyymm.csv
162,국가통계포털,거주지역별 주택소유지분별 주택소유자수 현황,162_거주지역별 주택소유지분별 주택소유자수 현황,,,,,,,,API or DATA,통계청,건설/주택/토지 관련,,,,,,,,,,,,,,,20190419 삭제,TB_OD10162.py,TB_OD10162_yyyymm.csv
163,국가통계포털,주택면적별 연령대별 주택소유자수 현황,163_주택면적별 연령대별 주택소유자수 현황,,,,,,,,API or DATA,통계청,건설/주택/토지 관련,,,,,,,,,,,,,,,20190419 삭제,TB_OD10163.py,TB_OD10163_yyyymm.csv
164,국가통계포털,주택자산가액별 연령대별 주택소유자수 현황,164_주택자산가액별 연령대별 주택소유자수 현황,,,,,,,,API or DATA,통계청,건설/주택/토지 관련,,,,,,,,,,,,,,,완료,TB_OD10164.py,TB_OD10164_yyyy.csv
165,국가통계포털,거주지역별 주택소유자별 주택수 현황,165_거주지역별 주택소유자별 주택수 현황,,,,,,,,API or DATA,통계청,건설/주택/토지 관련,,,,,,,,,,,,,,,완료,TB_OD10165.py,TB_OD10165_yyyy.csv
166,국가통계포털,주택소재지기준 소유자 거주지역 비율 현황,166_주택소재지기준 소유자 거주지역 비율 현황,,,,,,,,API or DATA,통계청,건설/주택/토지 관련,,,,,,,,,,,,,,,20190419 삭제,TB_OD10166.py,TB_OD10166_yyyymm.csv
167,국가통계포털,거주지역별 성별 연령대별 아파트소유자수 현황,167_거주지역별 성별 연령대별 아파트소유자수 현황,,,,,,,,API or DATA,통계청,건설/주택/토지 관련,,,,,,,,,,,,,,,완료,TB_OD10167.py,TB_OD10167_yyyy.csv
168,국가통계포털,주택 소유물건수별 성별 아파트소유자수 현황,168_주택 소유물건수별 성별 아파트소유자수 현황,,,,,,,,API or DATA,통계청,건설/주택/토지 관련,,,,,,,,,,,,,,,20190419 삭제,TB_OD10168.py,TB_OD10168_yyyymm.csv
169,국가통계포털,주택소유지분별 성별 아파트소유자수 현황,169_주택소유지분별 성별 아파트소유자수 현황,,,,,,,,API or DATA,통계청,건설/주택/토지 관련,,,,,,,,,,,,,,,20190419 삭제,TB_OD10169.py,TB_OD10169_yyyymm.csv
170,국가통계포털,주택소재지별 주택수 현황(가구단위),170_주택소재지별 주택수 현황(가구단위),,,,,,,,API or DATA,통계청,건설/주택/토지 관련,,,,,,,,,,,,,,,완료,TB_OD10170.py,TB_OD10170_yyyy.csv
171,국가통계포털,거주지역별 주택소유 및 무주택 가구수 현황,171_거주지역별 주택소유 및 무주택 가구수 현황,,,,,,,,API or DATA,통계청,건설/주택/토지 관련,,,,,,,,,,,,,,,완료,TB_OD10171.py,TB_OD10171_yyyy.csv
172,국가통계포털,거주지역별 가구주의 성별 연령대별 주택소유 가구수 현황,172_거주지역별 가구주의 성별 연령대별 주택소유 가구수 현황,,,,,,,,API or DATA,통계청,건설/주택/토지 관련,,,,,,,,,,,,,,,20190419 삭제,TB_OD10172.py,TB_OD10172_yyyymm.csv
173,국가통계포털,거주지역별 가구원수별 주택소유 가구수 현황,173_거주지역별 가구원수별 주택소유 가구수 현황,,,,,,,,API or DATA,통계청,건설/주택/토지 관련,,,,,,,,,,,,,,,20190419 삭제,TB_OD10173.py,TB_OD10173_yyyymm.csv
174,국가통계포털,거주지역별 세대구성별 주택소유 가구수 현황,174_거주지역별 세대구성별 주택소유 가구수 현황,,,,,,,,API or DATA,통계청,건설/주택/토지 관련,,,,,,,,,,,,,,,20190419 삭제,TB_OD10174.py,TB_OD10174_yyyymm.csv
175,국가통계포털,주택소유물건수별 주택소유 가구수 현황,175_주택소유물건수별 주택소유 가구수 현황,,,,,,,,API or DATA,통계청,건설/주택/토지 관련,,,,,,,,,,,,,,,20190419 삭제,TB_OD10175.py,TB_OD10175_yyyymm.csv
176,국가통계포털,거주지역별 주택소유물건수별 주택소유 가구수 현황,176_거주지역별 주택소유물건수별 주택소유 가구수 현황,,,,,,,,API or DATA,통계청,건설/주택/토지 관련,,,,,,,,,,,,,,,20190419 삭제,TB_OD10176.py,TB_OD10176_yyyymm.csv
177,국가통계포털,주택소유지분별 주택소유 가구수 현황,177_주택소유지분별 주택소유 가구수 현황,,,,,,,,API or DATA,통계청,건설/주택/토지 관련,,,,,,,,,,,,,,,20190419 삭제,TB_OD10177.py,TB_OD10177_yyyymm.csv
178,국가통계포털,거주지역별 주택소유지분별 주택소유 가구수 현황,178_거주지역별 주택소유지분별 주택소유 가구수 현황,,,,,,,,API or DATA,통계청,건설/주택/토지 관련,,,,,,,,,,,,,,,20190419 삭제,TB_OD10178.py,TB_OD10178_yyyymm.csv
179,국가통계포털,거주지역별 주택자산가액별 주택소유 가구수 및 주택수 현황,179_거주지역별 주택자산가액별 주택소유 가구수 및 주택수 현황,,,,,,,,API or DATA,통계청,건설/주택/토지 관련,,,,,,,,,,,,,,,완료,TB_OD10179.py,TB_OD10179_yyyy.csv
180,국가통계포털,주택자산가액기준 10분위기준 주택소유가구 기본현황,180_주택자산가액기준 10분위기준 주택소유가구 기본현황,,,,,,,,API or DATA,통계청,건설/주택/토지 관련,,,,,,,,,,,,,,,완료,TB_OD10180.py,TB_OD10180_yyyy.csv
181,국가통계포털,주택자산가액기준 10분위기준 거주지역별 주택소유 가구수 비율,181_주택자산가액기준 10분위기준 거주지역별 주택소유 가구수 비율,,,,,,,,API or DATA,통계청,건설/주택/토지 관련,,,,,,,,,,,,,,,완료,TB_OD10181.py,TB_OD10181_yyyy.csv
182,국가통계포털,주택자산가액기준 10분위기준 가구주의 성별 주택소유 가구수 비율,182_주택자산가액기준 10분위기준 가구주의 성별 주택소유 가구수 비율,,,,,,,,API or DATA,통계청,건설/주택/토지 관련,,,,,,,,,,,,,,,완료,TB_OD10182.py,TB_OD10182_yyyy.csv
183,국가통계포털,주택자산가액기준 10분위기준 가구주의 연령대별 주택소유 가구수 비율,183_주택자산가액기준 10분위기준 가구주의 연령대별 주택소유 가구수 비율,,,,,,,,API or DATA,통계청,건설/주택/토지 관련,,,,,,,,,,,,,,,완료,TB_OD10183.py,TB_OD10183_yyyy.csv
184,국가통계포털,거주지역별 가구주의 성별 연령대별 아파트소유 가구수 현황,184_거주지역별 가구주의 성별 연령대별 아파트소유 가구수 현황,,,,,,,,API or DATA,통계청,건설/주택/토지 관련,,,,,,,,,,,,,,,20190419 삭제,TB_OD10184.py,TB_OD10184_yyyymm.csv
185,국가통계포털,거주지역별 가구원수별 아파트소유 가구수 현황,185_거주지역별 가구원수별 아파트소유 가구수 현황,,,,,,,,API or DATA,통계청,건설/주택/토지 관련,,,,,,,,,,,,,,,20190419 삭제,TB_OD10185.py,TB_OD10185_yyyymm.csv
186,국가통계포털,거주지역별 세대구성별 아파트소유 가구수 현황,186_거주지역별 세대구성별 아파트소유 가구수 현황,,,,,,,,API or DATA,통계청,건설/주택/토지 관련,,,,,,,,,,,,,,,20190419 삭제,TB_OD10186.py,TB_OD10186_yyyymm.csv
187,국가통계포털,거주지역별 가구주의 성별 연령대별 무주택 가구수 현황,187_거주지역별 가구주의 성별 연령대별 무주택 가구수 현황,,,,,,,,API or DATA,통계청,건설/주택/토지 관련,,,,,,,,,,,,,,,20190419 삭제,TB_OD10187.py,TB_OD10187_yyyymm.csv
188,국가통계포털,거주지역별 가구원수별 무주택 가구수 현황,188_거주지역별 가구원수별 무주택 가구수 현황,,,,,,,,API or DATA,통계청,건설/주택/토지 관련,,,,,,,,,,,,,,,20190419 삭제,TB_OD10188.py,TB_OD10188_yyyymm.csv
189,국가통계포털,거주지역별 세대구성별 무주택 가구수 현황,189_거주지역별 세대구성별 무주택 가구수 현황,,,,,,,,API or DATA,통계청,건설/주택/토지 관련,,,,,,,,,,,,,,,20190419 삭제,TB_OD10189.py,TB_OD10189_yyyymm.csv
190,국가통계포털,"주택의 종류별 주택-읍면동(2015), 시군구(2016~)","190_주택의 종류별 주택-읍면동(2015), 시군구(2016~)",,,,,,,,API or DATA,통계청,건설/주택/토지 관련,,,,,,,,,,,,,,,완료,TB_OD10190.py,TB_OD10190_yyyy.csv
191,국가통계포털,"거처의 종류 및 거처, 가구, 가구원-시군구","191_거처의 종류 및 거처, 가구, 가구원-시군구",,,,,,,,API or DATA,통계청,건설/주택/토지 관련,,,,,,,,,,,,,,,20190419 삭제,TB_OD10191.py,TB_OD10191_yyyymm.csv
192,국가통계포털,"주택의 종류, 연면적 및 거주인수별 주택-시군구","192_주택의 종류, 연면적 및 거주인수별 주택-시군구",,,,,,,,API or DATA,통계청,건설/주택/토지 관련,,,,,,,,,,,,,,,완료,TB_OD10192.py,TB_OD10192_yyyy.csv
193,국가통계포털,"주택의 종류, 연면적 및 거주인수별 주택-시군구","193_주택의 종류, 연면적 및 거주인수별 주택-시군구",,,,,,,,API or DATA,통계청,건설/주택/토지 관련,,,,,,,,,,,,,,,"192 중복, 20190419 삭제",TB_OD10193.py,TB_OD10193_yyyymm.csv
194,국가통계포털,연면적 및 거주가구수별 단독주택-시군구,194_연면적 및 거주가구수별 단독주택-시군구,,,,,,,,API or DATA,통계청,건설/주택/토지 관련,,,,,,,,,,,,,,,20190419 삭제,TB_OD10194.py,TB_OD10194_yyyymm.csv
195,국가통계포털,연면적 및 거주가구수별 단독주택-시군구,195_연면적 및 거주가구수별 단독주택-시군구,,,,,,,,API or DATA,통계청,건설/주택/토지 관련,,,,,,,,,,,,,,,20190419 삭제,TB_OD10195.py,TB_OD10195_yyyymm.csv
196,국가통계포털,연면적 및 대지면적별 단독주택-시도,196_연면적 및 대지면적별 단독주택-시도,,,,,,,,API or DATA,통계청,건설/주택/토지 관련,,,,,,,,,,,,,,,20190419 삭제,TB_OD10196.py,TB_OD10196_yyyymm.csv
197,국가통계포털,빈집의 종류 및 건축연도별 주택-시군구,197_빈집의 종류 및 건축연도별 주택-시군구,,,,,,,,API or DATA,통계청,건설/주택/토지 관련,,,,,,,,,,,,,,,완료,TB_OD10197.py,TB_OD10197_yyyy.csv
198,국가통계포털,"주택의 종류, 연면적 및 건축연도별 주택-시군구","198_주택의 종류, 연면적 및 건축연도별 주택-시군구",,,,,,,,API or DATA,통계청,건설/주택/토지 관련,,,,,,,,,,,,,,,완료,TB_OD10198.py,TB_OD10198_yyyy.csv
199,국가통계포털,주택의 종류별/총방수별 주택-시군구,199_주택의 종류별_총방수별 주택-시군구,,,,,,,,API or DATA,통계청,건설/주택/토지 관련,,,,,,,,,,,,,,,20190419 삭제,TB_OD10199.py,TB_OD10199_yyyymm.csv
200,국가통계포털,주택의 종류별/연면적별/총방수별 주택-시군구,200_주택의 종류별_연면적별_총방수별 주택-시군구,,,,,,,,API or DATA,통계청,건설/주택/토지 관련,,,,,,,,,,,,,,,20190419 삭제,TB_OD10200.py,TB_OD10200_yyyymm.csv
201,국가통계포털,거주가구수별/총방수별 단독주택-시군구,201_거주가구수별_총방수별 단독주택-시군구,,,,,,,,API or DATA,통계청,건설/주택/토지 관련,,,,,,,,,,,,,,,20190419 삭제,TB_OD10201.py,TB_OD10201_yyyymm.csv
202,국가통계포털,연면적별/편익시설수별 단독주택-시군구,202_연면적별_편익시설수별 단독주택-시군구,,,,,,,,API or DATA,통계청,건설/주택/토지 관련,,,,,,,,,,,,,,,20190419 삭제,TB_OD10202.py,TB_OD10202_yyyymm.csv
203,국가통계포털,주택종류별/빈집사유별/기간별/파손정도별 빈집-시도,203_주택종류별_빈집사유별_기간별_파손정도별 빈집-시도,,,,,,,,API or DATA,통계청,건설/주택/토지 관련,,,,,,,,,,,,,,,완료,TB_OD10203.py,TB_OD10203_yyyy.csv
204,국가통계포털,주택의 종류별 주택수,204_주택의 종류별 주택수,,,,,,,,API or DATA,통계청,건설/주택/토지 관련,,,,,,,,,,,,,,,완료,TB_OD10204.py,TB_OD10204_yyyy.csv
205,국가통계포털,주택의 종류별 주택-읍면동,205_주택의 종류별 주택-읍면동,,,,,,,,API or DATA,통계청,건설/주택/토지 관련,,,,,,,,,,,,,,,완료,TB_OD10205.py,TB_OD10205_yyyy.csv
206,국가통계포털,"주택의 종류, 연면적 및 거주인수별 주택-시군구","206_주택의 종류, 연면적 및 거주인수별 주택-시군구",,,,,,,,API or DATA,통계청,건설/주택/토지 관련,,,,,,,,,,,,,,,20190419 삭제,TB_OD10206.py,TB_OD10206_yyyymm.csv
207,국가통계포털,"주택의 종류, 연면적 및 건축연도별 주택-시군구","207_주택의 종류, 연면적 및 건축연도별 주택-시군구",,,,,,,,API or DATA,통계청,건설/주택/토지 관련,,,,,,,,,,,,,,,20190419 삭제,TB_OD10207.py,TB_OD10207_yyyymm.csv
208,국가통계포털,연면적 및 거주가구수별 단독주택-시군구,208_연면적 및 거주가구수별 단독주택-시군구,,,,,,,,API or DATA,통계청,건설/주택/토지 관련,,,,,,,,,,,,,,,20190419 삭제,TB_OD10208.py,TB_OD10208_yyyymm.csv
209,국가통계포털,거주가구수 및 총방수별 단독주택-시군구,209_거주가구수 및 총방수별 단독주택-시군구,,,,,,,,API or DATA,통계청,건설/주택/토지 관련,,,,,,,,,,,,,,,20190419 삭제,TB_OD10209.py,TB_OD10209_yyyymm.csv
210,국가통계포털,주택의 종류별 주택-읍면동,210_주택의 종류별 주택-읍면동,,,,,,,,API or DATA,통계청,건설/주택/토지 관련,,,,,,,,,,,,,,,완료,TB_OD10210.py,TB_OD10210_yyyy.csv
211,국가통계포털,주택의 종류/연건평/건축년도별 주택-시군구,211_주택의 종류_연건평_건축년도별 주택-시군구,,,,,,,,API or DATA,통계청,건설/주택/토지 관련,,,,,,,,,,,,,,,20190419 삭제,TB_OD10211.py,TB_OD10211_yyyymm.csv
212,국가통계포털,연건평/대지면적별 단독주택-시군구,212_연건평_대지면적별 단독주택-시군구,,,,,,,,API or DATA,통계청,건설/주택/토지 관련,,,,,,,,,,,,,,,20190419 삭제,TB_OD10212.py,TB_OD10212_yyyymm.csv
213,국가통계포털,행정구역/주택의 종류/점유형태별 총조사주택,213_행정구역_주택의 종류_점유형태별 총조사주택,,,,,,,,API or DATA,통계청,건설/주택/토지 관련,,,,,,,,,,,,,,,완료,TB_OD10213.py,TB_OD10213_yyyy.csv
214,국가통계포털,행정구역/주택의 종류/연건평/건축년도별 총조사주택,214_행정구역_주택의 종류_연건평_건축년도별 총조사주택,,,,,,,,API or DATA,통계청,건설/주택/토지 관련,,,,,,,,,,,,,,,완료,TB_OD10214.py,TB_OD10214_yyyy.csv
215,국가통계포털,시도/주택의종류/연건평/건축년도별 주택,215_시도_주택의종류_연건평_건축년도별 주택,,,,,,,,API or DATA,통계청,건설/주택/토지 관련,,,,,,,,,,,,,,,20190419 삭제,TB_OD10215.py,TB_OD10215_yyyymm.csv
216,국가통계포털,시도/연건평/대지면적별 단독주택,216_시도_연건평_대지면적별 단독주택,,,,,,,,API or DATA,통계청,건설/주택/토지 관련,,,,,,,,,,,,,,,20190419 삭제,TB_OD10216.py,TB_OD10216_yyyymm.csv
217,국가통계포털,행정구역/주택의종류/점유형태별 주택,217_행정구역_주택의종류_점유형태별 주택,,,,,,,,API or DATA,통계청,건설/주택/토지 관련,,,,,,,,,,,,,,,완료,TB_OD10217.py,TB_OD10217_yyyy.csv
218,국가통계포털,행정구역/주택의 종류/점유형태별 주택,218_행정구역_주택의 종류_점유형태별 주택,,,,,,,,API or DATA,통계청,건설/주택/토지 관련,,,,,,,,,,,,,,,20190419 삭제,TB_OD10218.py,TB_OD10218_yyyymm.csv
219,국가통계포털,행정구역/주택의 종류/점유형태별 주택,219_행정구역_주택의 종류_점유형태별 주택,,,,,,,,API or DATA,통계청,건설/주택/토지 관련,,,,,,,,,,,,,,,20190419 삭제,TB_OD10219.py,TB_OD10219_yyyymm.csv
220,국가통계포털,행정구역별 건축물거래현황,220_행정구역별 건축물거래현황,,,,,,,,API or DATA,한국감정원,건설/주택/토지 관련,,,,,,,,,,,,,,,완료,TB_OD10220.py,TB_OD10220_yyyymm.csv
221,국가통계포털,행정구역별 건축물거래현황,221_행정구역별 건축물거래현황,,,,,,,,API or DATA,한국감정원,건설/주택/토지 관련,,,,,,,,,,,,,,,20190419 삭제,TB_OD10221.py,TB_OD10221_yyyymm.csv
222,국가통계포털,년도별 세부항목 건축물거래현황,222_년도별 세부항목 건축물거래현황,,,,,,,,API or DATA,한국감정원,건설/주택/토지 관련,,,,,,,,,,,,,,,20190419 삭제,TB_OD10222.py,TB_OD10222_yyyymm.csv
223,국가통계포털,거래규모별 건축물거래현황,223_거래규모별 건축물거래현황,,,,,,,,API or DATA,한국감정원,건설/주택/토지 관련,,,,,,,,,,,,,,,20190419 삭제,TB_OD10223.py,TB_OD10223_yyyymm.csv
224,국가통계포털,거래원인별 건축물거래현황,224_거래원인별 건축물거래현황,,,,,,,,API or DATA,한국감정원,건설/주택/토지 관련,,,,,,,,,,,,,,,20190419 삭제,TB_OD10224.py,TB_OD10224_yyyymm.csv
225,국가통계포털,거래주체별 건축물거래현황,225_거래주체별 건축물거래현황,,,,,,,,API or DATA,한국감정원,건설/주택/토지 관련,,,,,,,,,,,,,,,20190419 삭제,TB_OD10225.py,TB_OD10225_yyyymm.csv
226,국가통계포털,건물용도별 건축물거래현황,226_건물용도별 건축물거래현황,,,,,,,,API or DATA,한국감정원,건설/주택/토지 관련,,,,,,,,,,,,,,,완료,TB_OD10226.py,TB_OD10226_yyyymm.csv
227,국가통계포털,매입자거주지별 건축물거래현황,227_매입자거주지별 건축물거래현황,,,,,,,,API or DATA,한국감정원,건설/주택/토지 관련,,,,,,,,,,,,,,,20190419 삭제,TB_OD10227.py,TB_OD10227_yyyymm.csv
228,국가통계포털,신탁/신탁해지 건축물거래현황,228_신탁_신탁해지 건축물거래현황,,,,,,,,API or DATA,한국감정원,건설/주택/토지 관련,,,,,,,,,,,,,,,20190419 삭제,TB_OD10228.py,TB_OD10228_yyyymm.csv
229,국가통계포털,행정구역별 아파트거래현황,229_행정구역별 아파트거래현황,,,,,,,,API or DATA,한국감정원,건설/주택/토지 관련,,,,,,,,,,,,,,,20190419 삭제,TB_OD10229.py,TB_OD10229_yyyymm.csv
230,국가통계포털,행정구역별 아파트거래현황,230_행정구역별 아파트거래현황,,,,,,,,API or DATA,한국감정원,건설/주택/토지 관련,,,,,,,,,,,,,,,20190419 삭제,TB_OD10230.py,TB_OD10230_yyyymm.csv
231,국가통계포털,년도별 세부항목 아파트거래현황,231_년도별 세부항목 아파트거래현황,,,,,,,,API or DATA,한국감정원,건설/주택/토지 관련,,,,,,,,,,,,,,,완료,TB_OD10231.py,TB_OD10231_yyyymm.csv
232,국가통계포털,거래규모별 아파트거래현황,232_거래규모별 아파트거래현황,,,,,,,,API or DATA,한국감정원,건설/주택/토지 관련,,,,,,,,,,,,,,,완료,TB_OD10232.py,TB_OD10232_yyyymm.csv
233,국가통계포털,거래원인별 아파트거래현황,233_거래원인별 아파트거래현황,,,,,,,,API or DATA,한국감정원,건설/주택/토지 관련,,,,,,,,,,,,,,,완료,TB_OD10233.py,TB_OD10233_yyyymm.csv
234,국가통계포털,거래주체별 아파트거래현황,234_거래주체별 아파트거래현황,,,,,,,,API or DATA,한국감정원,건설/주택/토지 관련,,,,,,,,,,,,,,,완료,TB_OD10234.py,TB_OD10234_yyyymm.csv
235,국가통계포털,매입자거주지별 아파트거래현황,235_매입자거주지별 아파트거래현황,,,,,,,,API or DATA,한국감정원,건설/주택/토지 관련,,,,,,,,,,,,,,,20190419 삭제,TB_OD10235.py,TB_OD10235_yyyymm.csv
236,국가통계포털,신탁/신탁해지 아파트거래현황,236_신탁_신탁해지 아파트거래현황,,,,,,,,API or DATA,한국감정원,건설/주택/토지 관련,,,,,,,,,,,,,,,20190419 삭제,TB_OD10236.py,TB_OD10236_yyyymm.csv
237,국가통계포털,행정구역별 아파트매매거래현황,237_행정구역별 아파트매매거래현황,,,,,,,,API or DATA,한국감정원,건설/주택/토지 관련,,,,,,,,,,,,,,,20190419 삭제,TB_OD10237.py,TB_OD10237_yyyymm.csv
238,국가통계포털,행정구역별 아파트매매거래현황,238_행정구역별 아파트매매거래현황,,,,,,,,API or DATA,한국감정원,건설/주택/토지 관련,,,,,,,,,,,,,,,20190419 삭제,TB_OD10238.py,TB_OD10238_yyyymm.csv
239,국가통계포털,년도별 세부항목 아파트매매거래현황,239_년도별 세부항목 아파트매매거래현황,,,,,,,,API or DATA,한국감정원,건설/주택/토지 관련,,,,,,,,,,,,,,,완료,TB_OD10239.py,TB_OD10239_yyyymm.csv
240,국가통계포털,거래규모별 아파트매매거래현황,240_거래규모별 아파트매매거래현황,,,,,,,,API or DATA,한국감정원,건설/주택/토지 관련,,,,,,,,,,,,,,,완료,TB_OD10240.py,TB_OD10240_yyyymm.csv
241,국가통계포털,거래주체별 아파트매매거래현황,241_거래주체별 아파트매매거래현황,,,,,,,,API or DATA,한국감정원,건설/주택/토지 관련,,,,,,,,,,,,,,,완료,TB_OD10241.py,TB_OD10241_yyyymm.csv
242,국가통계포털,매입자거주지별 아파트매매거래현황,242_매입자거주지별 아파트매매거래현황,,,,,,,,API or DATA,한국감정원,건설/주택/토지 관련,,,,,,,,,,,,,,,완료,TB_OD10242.py,TB_OD10242_yyyymm.csv
243,국가통계포털,매입자연령대별 아파트매매거래현황,243_매입자연령대별 아파트매매거래현황,,,,,,,,API or DATA,한국감정원,건설/주택/토지 관련,,,,,,,,,,,,,,,완료,TB_OD10243.py,TB_OD10243_yyyymm.csv
244,국가통계포털,행정구역별 주택거래현황,244_행정구역별 주택거래현황,,,,,,,,API or DATA,한국감정원,건설/주택/토지 관련,,,,,,,,,,,,,,,완료,TB_OD10244.py,TB_OD10244_yyyymm.csv
245,국가통계포털,행정구역별 주택거래현황,245_행정구역별 주택거래현황,,,,,,,,API or DATA,한국감정원,건설/주택/토지 관련,,,,,,,,,,,,,,,완료,TB_OD10245.py,TB_OD10245_yyyymm.csv
246,국가통계포털,년도별 세부항목 주택거래현황,246_년도별 세부항목 주택거래현황,,,,,,,,API or DATA,한국감정원,건설/주택/토지 관련,,,,,,,,,,,,,,,완료,TB_OD10246.py,TB_OD10246_yyyymm.csv
247,국가통계포털,거래규모별 주택거래현황,247_거래규모별 주택거래현황,,,,,,,,API or DATA,한국감정원,건설/주택/토지 관련,,,,,,,,,,,,,,,완료,TB_OD10247.py,TB_OD10247_yyyymm.csv
248,국가통계포털,거래원인별 주택거래현황,248_거래원인별 주택거래현황,,,,,,,,API or DATA,한국감정원,건설/주택/토지 관련,,,,,,,,,,,,,,,완료,TB_OD10248.py,TB_OD10248_yyyymm.csv
249,국가통계포털,거래주체별 주택거래현황,249_거래주체별 주택거래현황,,,,,,,,API or DATA,한국감정원,건설/주택/토지 관련,,,,,,,,,,,,,,,완료,TB_OD10249.py,TB_OD10249_yyyymm.csv
250,국가통계포털,주택유형별 주택거래현황,250_주택유형별 주택거래현황,,,,,,,,API or DATA,한국감정원,건설/주택/토지 관련,,,,,,,,,,,,,,,완료,TB_OD10250.py,TB_OD10250_yyyymm.csv
251,국가통계포털,매입자거주지별 주택거래현황,251_매입자거주지별 주택거래현황,,,,,,,,API or DATA,한국감정원,건설/주택/토지 관련,,,,,,,,,,,,,,,완료,TB_OD10251.py,TB_OD10251_yyyymm.csv
252,국가통계포털,신탁/신탁해지 주택거래현황,252_신탁_신탁해지 주택거래현황,,,,,,,,API or DATA,한국감정원,건설/주택/토지 관련,,,,,,,,,,,,,,,완료,TB_OD10252.py,TB_OD10252_yyyymm.csv
253,국가통계포털,행정구역별 주택매매거래현황,253_행정구역별 주택매매거래현황,,,,,,,,API or DATA,한국감정원,건설/주택/토지 관련,,,,,,,,,,,,,,,완료,TB_OD10253.py,TB_OD10253_yyyymm.csv
254,국가통계포털,행정구역별 주택매매거래현황,254_행정구역별 주택매매거래현황,,,,,,,,API or DATA,한국감정원,건설/주택/토지 관련,,,,,,,,,,,,,,,"253 중복, 20190419 삭제",TB_OD10254.py,TB_OD10254_yyyymm.csv
255,국가통계포털,년도별 세부항목 주택매매거래현황,255_년도별 세부항목 주택매매거래현황,,,,,,,,API or DATA,한국감정원,건설/주택/토지 관련,,,,,,,,,,,,,,,완료,TB_OD10255.py,TB_OD10255_yyyy.csv
256,국가통계포털,거래규모별 주택매매거래현황,256_거래규모별 주택매매거래현황,,,,,,,,API or DATA,한국감정원,건설/주택/토지 관련,,,,,,,,,,,,,,,완료,TB_OD10256.py,TB_OD10256_yyyymm.csv
257,국가통계포털,거래주체별 주택매매거래현황,257_거래주체별 주택매매거래현황,,,,,,,,API or DATA,한국감정원,건설/주택/토지 관련,,,,,,,,,,,,,,,완료,TB_OD10257.py,TB_OD10257_yyyymm.csv
258,국가통계포털,주택유형별 주택매매거래현황,258_주택유형별 주택매매거래현황,,,,,,,,API or DATA,한국감정원,건설/주택/토지 관련,,,,,,,,,,,,,,,완료,TB_OD10258.py,TB_OD10258_yyyymm.csv
259,국가통계포털,매입자거주지별 주택매매거래현황,259_매입자거주지별 주택매매거래현황,,,,,,,,API or DATA,한국감정원,건설/주택/토지 관련,,,,,,,,,,,,,,,완료,TB_OD10259.py,TB_OD10259_yyyymm.csv
260,국가통계포털,매입자연령대별 주택매매거래현황,260_매입자연령대별 주택매매거래현황,,,,,,,,API or DATA,한국감정원,건설/주택/토지 관련,,,,,,,,,,,,,,,완료,TB_OD10260.py,TB_OD10260_yyyymm.csv
261,국가통계포털,거래규모별 건축물거래,261_거래규모별 건축물거래,,,,,,,,API or DATA,한국감정원,건설/주택/토지 관련,,,,,,,,,,,,,,,20190419 삭제,TB_OD10261.py,TB_OD10261_yyyymm.csv
262,국가통계포털,거래원인별 건축물거래,262_거래원인별 건축물거래,,,,,,,,API or DATA,한국감정원,건설/주택/토지 관련,,,,,,,,,,,,,,,20190419 삭제,TB_OD10262.py,TB_OD10262_yyyymm.csv
263,국가통계포털,거래주체별 건축물거래,263_거래주체별 건축물거래,,,,,,,,API or DATA,한국감정원,건설/주택/토지 관련,,,,,,,,,,,,,,,20190419 삭제,TB_OD10263.py,TB_OD10263_yyyymm.csv
264,국가통계포털,건물유형별 건축물거래,264_건물유형별 건축물거래,,,,,,,,API or DATA,한국감정원,건설/주택/토지 관련,,,,,,,,,,,,,,,20190419 삭제,TB_OD10264.py,TB_OD10264_yyyymm.csv
265,국가통계포털,매입자거주지별 건축물거래,265_매입자거주지별 건축물거래,,,,,,,,API or DATA,한국감정원,건설/주택/토지 관련,,,,,,,,,,,,,,,20190419 삭제,TB_OD10265.py,TB_OD10265_yyyymm.csv
266,국가통계포털,매입자거주지별 토지거래,266_매입자거주지별 토지거래,,,,,,,,API or DATA,한국감정원,건설/주택/토지 관련,,,,,,,,,,,,,,,20190419 삭제,TB_OD10266.py,TB_OD10266_yyyymm.csv
267,국가통계포털,아파트거래(거래규모별),267_아파트거래(거래규모별),,,,,,,,API or DATA,한국감정원,건설/주택/토지 관련,,,,,,,,,,,,,,,완료,TB_OD10267.py,TB_OD10267_yyyymm.csv
268,국가통계포털,용도별 건축물거래,268_용도별 건축물거래,,,,,,,,API or DATA,한국감정원,건설/주택/토지 관련,,,,,,,,,,,,,,,완료,TB_OD10268.py,TB_OD10268_yyyymm.csv
269,국가통계포털,지목별 건축물거래,269_지목별 건축물거래,,,,,,,,API or DATA,한국감정원,건설/주택/토지 관련,,,,,,,,,,,,,,,20190419 삭제,TB_OD10269.py,TB_OD10269_yyyymm.csv
270,국가통계포털,지역별 택지지정 및 공급현황,270_지역별 택지지정 및 공급현황,,,,,,,,API or DATA,국토교통부,건설/주택/토지 관련,,,,,,,,,,,,,,,완료,TB_OD10270.py,TB_OD10270_yyyymm.csv
271,국가통계포털,대출태도,271_대출태도,,,,,,,,API or DATA,한국은행,재정/금융,,,,,,,,,,,,,,,완료,TB_OD10271.py,TB_OD10271_yyyymm.csv
272,국가통계포털,신용위험,272_신용위험,,,,,,,,API or DATA,한국은행,재정/금융,,,,,,,,,,,,,,,완료,TB_OD10272.py,TB_OD10272_yyyymm.csv
273,국가통계포털,대출수요,273_대출수요,,,,,,,,API or DATA,한국은행,재정/금융,,,,,,,,,,,,,,,완료,TB_OD10273.py,TB_OD10273_yyyymm.csv
274,국가통계포털,금융기관별 주택금융신용보증 공급현황,274_금융기관별 주택금융신용보증 공급현황,,,,,,,,API or DATA,한국주택금융공사,재정/금융,,,,,,,,,,,,,,,완료,TB_OD10274.py,TB_OD10274_yyyymm.csv
275,국가통계포털,금융기관별 주택금융신용보증 잔액현황,275_금융기관별 주택금융신용보증 잔액현황,,,,,,,,API or DATA,한국주택금융공사,재정/금융,,,,,,,,,,,,,,,완료,TB_OD10275.py,TB_OD10275_yyyymm.csv
276,국가통계포털,보증종류별 주택금융신용보증 공급현황,276_보증종류별 주택금융신용보증 공급현황,,,,,,,,API or DATA,한국주택금융공사,재정/금융,,,,,,,,,,,,,,,완료,TB_OD10276.py,TB_OD10276_yyyymm.csv
277,국가통계포털,보증종류별 주택금융신용보증 잔액현황,277_보증종류별 주택금융신용보증 잔액현황,,,,,,,,API or DATA,한국주택금융공사,재정/금융,,,,,,,,,,,,,,,완료,TB_OD10277.py,TB_OD10277_yyyymm.csv
278,국가통계포털,주택금융신용보증 잔액현황,278_주택금융신용보증 잔액현황,,,,,,,,API or DATA,한국주택금융공사,재정/금융,,,,,,,,,,,,,,,완료,TB_OD10278.py,TB_OD10278_yyyymm.csv
279,국가통계포털,지역별 주택금융신용보증 공급현황,279_지역별 주택금융신용보증 공급현황,,,,,,,,API or DATA,한국주택금융공사,재정/금융,,,,,,,,,,,,,,,완료,TB_OD10279.py,TB_OD10279_yyyymm.csv
280,국가통계포털,KRX 주요 주가지수,280_KRX 주요 주가지수,,,,,,,,API or DATA,한국거래소,재정/금융,,,,,,,,,,,,,,,완료,TB_OD10280.py,TB_OD10280_yyyymm.csv
281,국가통계포털,KRX 300,281_KRX 300,,,,,,,,API or DATA,한국거래소,재정/금융,,,,,,,,,,,,,,,20190419 삭제,TB_OD10281.py,TB_OD10281_yyyymm.csv
282,국가통계포털,KTOP 30,282_KTOP 30,,,,,,,,API or DATA,한국거래소,재정/금융,,,,,,,,,,,,,,,20190419 삭제,TB_OD10282.py,TB_OD10282_yyyymm.csv
283,국가통계포털,KRX 100,283_KRX 100,,,,,,,,API or DATA,한국거래소,재정/금융,,,,,,,,,,,,,,,20190419 삭제,TB_OD10283.py,TB_OD10283_yyyymm.csv
284,국가통계포털,KRX 주가이익비율 (PER),284_KRX 주가이익비율 (PER),,,,,,,,API or DATA,한국거래소,재정/금융,,,,,,,,,,,,,,,20190419 삭제,TB_OD10284.py,TB_OD10284_yyyymm.csv
285,국가통계포털,KRX 주가순자산비율 (PBR),285_KRX 주가순자산비율 (PBR),,,,,,,,API or DATA,한국거래소,재정/금융,,,,,,,,,,,,,,,20190419 삭제,TB_OD10285.py,TB_OD10285_yyyymm.csv
286,국가통계포털,KRX 배당수익률,286_KRX 배당수익률,,,,,,,,API or DATA,한국거래소,재정/금융,,,,,,,,,,,,,,,20190419 삭제,TB_OD10286.py,TB_OD10286_yyyymm.csv
287,국가통계포털,코스피 주요주가지수,287_코스피 주요주가지수,,,,,,,,API or DATA,한국거래소,재정/금융,,,,,,,,,,,,,,,완료,TB_OD10287.py,TB_OD10287_yyyymm.csv
288,국가통계포털,코스피 산업별 주가지수,288_코스피 산업별 주가지수,,,,,,,,API or DATA,한국거래소,재정/금융,,,,,,,,,,,,,,,완료,TB_OD10288.py,TB_OD10288_yyyymm.csv
289,국가통계포털,코스피 200 섹터 지수,289_코스피 200 섹터 지수,,,,,,,,API or DATA,한국거래소,재정/금융,,,,,,,,,,,,,,,완료,TB_OD10289.py,TB_OD10289_yyyymm.csv
290,국가통계포털,코스피 지수,290_코스피 지수,,,,,,,,API or DATA,한국거래소,재정/금융,,,,,,,,,,,,,,,완료,TB_OD10290.py,TB_OD10290_yyyymm.csv
291,국가통계포털,코스피 200 지수,291_코스피 200 지수,,,,,,,,API or DATA,한국거래소,재정/금융,,,,,,,,,,,,,,,완료,TB_OD10291.py,TB_OD10291_yyyymm.csv
292,국가통계포털,코스피 주가이익비율 (PER),292_코스피 주가이익비율 (PER),,,,,,,,API or DATA,한국거래소,재정/금융,,,,,,,,,,,,,,,완료,TB_OD10292.py,TB_OD10292_yyyymm.csv
293,국가통계포털,코스피 주가순자산비율 (PBR),293_코스피 주가순자산비율 (PBR),,,,,,,,API or DATA,한국거래소,재정/금융,,,,,,,,,,,,,,,완료,TB_OD10293.py,TB_OD10293_yyyymm.csv
294,국가통계포털,코스피 배당수익률,294_코스피 배당수익률,,,,,,,,API or DATA,한국거래소,재정/금융,,,,,,,,,,,,,,,완료,TB_OD10294.py,TB_OD10294_yyyymm.csv
295,국가통계포털,코스피 산업별 투자지표,295_코스피 산업별 투자지표,,,,,,,,API or DATA,한국거래소,재정/금융,,,,,,,,,,,,,,,완료,TB_OD10295.py,TB_OD10295_yyyymm.csv
296,국가통계포털,코스피지수 등락기록,296_코스피지수 등락기록,,,,,,,,API or DATA,한국거래소,재정/금융,,,,,,,,,,,,,,,완료,TB_OD10296.py,TB_OD10296_yyyymm.csv
297,국가통계포털,코스닥시장 주요 주가지수,297_코스닥시장 주요 주가지수,,,,,,,,API or DATA,한국거래소,재정/금융,,,,,,,,,,,,,,,20190419 삭제,TB_OD10297.py,TB_OD10297_yyyymm.csv
298,국가통계포털,코스닥 산업별 주가지수,298_코스닥 산업별 주가지수,,,,,,,,API or DATA,한국거래소,재정/금융,,,,,,,,,,,,,,,20190419 삭제,TB_OD10298.py,TB_OD10298_yyyymm.csv
299,국가통계포털,코스닥 150 섹터 지수,299_코스닥 150 섹터 지수,,,,,,,,API or DATA,한국거래소,재정/금융,,,,,,,,,,,,,,,20190419 삭제,TB_OD10299.py,TB_OD10299_yyyymm.csv
300,국가통계포털,코스닥지수,300_코스닥지수,,,,,,,,API or DATA,한국거래소,재정/금융,,,,,,,,,,,,,,,20190419 삭제,TB_OD10300.py,TB_OD10300_yyyymm.csv
301,국가통계포털,코스닥 150 지수,301_코스닥 150 지수,,,,,,,,API or DATA,한국거래소,재정/금융,,,,,,,,,,,,,,,20190419 삭제,TB_OD10301.py,TB_OD10301_yyyymm.csv
302,국가통계포털,코스닥 주가이익비율 (PER),302_코스닥 주가이익비율 (PER),,,,,,,,API or DATA,한국거래소,재정/금융,,,,,,,,,,,,,,,20190419 삭제,TB_OD10302.py,TB_OD10302_yyyymm.csv
303,국가통계포털,코스닥 주가순자산비율 (PBR),303_코스닥 주가순자산비율 (PBR),,,,,,,,API or DATA,한국거래소,재정/금융,,,,,,,,,,,,,,,20190419 삭제,TB_OD10303.py,TB_OD10303_yyyymm.csv
304,국가통계포털,코스닥 배당수익률,304_코스닥 배당수익률,,,,,,,,API or DATA,한국거래소,재정/금융,,,,,,,,,,,,,,,20190419 삭제,TB_OD10304.py,TB_OD10304_yyyymm.csv
305,국가통계포털,코스닥 산업별 투자지표,305_코스닥 산업별 투자지표,,,,,,,,API or DATA,한국거래소,재정/금융,,,,,,,,,,,,,,,20190419 삭제,TB_OD10305.py,TB_OD10305_yyyymm.csv
306,공공데이터포털,한국감정원 오피스텔 동향조사 현황,306_한국감정원 오피스텔 동향조사 현황,,,,,,,,DATA,한국감정원,국토관리,,,,,,,,,,,,,,,,TB_OD10306.py,TB_OD10306_yyyymm.csv
307,공공데이터포털,한국감정원 부동산 매매가격지수 현황,307_한국감정원 부동산 매매가격지수 현황,,,,,,,,OPENAPI,한국감정원,국토관리,,,,,,,,,,,,,,,,TB_OD10307.py,TB_OD10307_yyyymm.csv
308,공공데이터포털,공간융합정보,308_공간융합정보,,,,,,,,DATA,국토교통부,국토관리,,,,,,,,,,,,,,,,TB_OD10308.py,TB_OD10308_yyyymm.csv
308,공공데이터포털,공간융합정보,308_공간융합정보,,,,,,,,OPENAPI,국토교통부,국토관리,,,,,,,,,,,,,,,"308 중복, 20190419 삭제",TB_OD10308.py,TB_OD10308_yyyymm.csv
310,공공데이터포털,공간융합정보,309_공간융합정보,,,,,,,,OPENAPI,국토교통부,국토관리,,,,,,,,,,,,,,,,TB_OD10309.py,TB_OD10309_yyyymm.csv
311,공공데이터포털,국토교통부 부동산 동향조사 정보,310_국토교통부 부동산 동향조사 정보,,,,,,,,DATA,국토교통부,국토관리,,,,,,,,,,,,,,,,TB_OD10310.py,TB_OD10310_yyyymm.csv
312,공공데이터포털,도시계획통계시설,311_도시계획통계시설,,,,,,,,DATA,국토교통부,국토관리,,,,,,,,,,,,,,,,TB_OD10311.py,TB_OD10311_yyyymm.csv
313,공공데이터포털,도시계획정보,312_도시계획정보,,,,,,,,DATA,국토교통부,재정금융,,,,,,,,,,,,,,,,TB_OD10312.py,TB_OD10312_yyyymm.csv
314,공공데이터포털,임대주택 단지정보,313_임대주택 단지정보,,,,,,,,OPENAPI,한국토지주택공사,국토관리,,,,,,,,,,,,,,,,TB_OD10313.py,TB_OD10313_yyyymm.csv
315,공공데이터포털,개인보증 현황,314_개인보증 현황,,,,,,,,OPENAPI,한국주택금융공사,국토관리,,,,,,,,,,,,,,,,TB_OD10314.py,TB_OD10314_yyyymm.csv
316,공공데이터포털,부동산 가격정보,315_부동산 가격정보,,,,,,,,OPENAPI,국토교통부,국토관리,,,,,,,,,,,,,,,,TB_OD10315.py,TB_OD10315_yyyymm.csv
317,공공데이터포털,부동산 가격정보,316_부동산 통계정보,,,,,,,,OPENAPI,국토교통부,국토관리,,,,,,,,,,,,,,,"315 중복, 20190419 삭제",TB_OD10316.py,TB_OD10316_yyyymm.csv
318,공공데이터포털,,317_부동산 가격정보,,,,,,,,DATA,국토교통부,국토관리,,,,,,,,,,,,,,,"316 중복, 20190419 삭제",TB_OD10317.py,TB_OD10317_yyyymm.csv
319,공공데이터포털,부동산 통계정보,318_부동산 통계정보,,,,,,,,DATA,국토교통부,국토관리,,,,,,,,,,,,,,,완료,TB_OD10318.py,TB_OD10318_yyyymm.csv
320,공공데이터포털,한국감정원 아파트거래 현황,319_한국감정원 아파트거래 현황,,,,,,,,DATA,한국감정원,재정금융,,,,,,,,,,,,,,,,TB_OD10319.py,TB_OD10319_yyyymm.csv
321,공공데이터포털,(한국은행)국민계정,320_(한국은행)국민계정,,,,,,,,DATA,한국은행,국토관리,,,,,,,,,,,,,,,,TB_OD10320.py,TB_OD10320_yyyymm.csv
322,공공데이터포털,(한국은행)국제수지/외채/환율,321_(한국은행)국제수지_외채_환율,,,,,,,,DATA,한국은행,재정금융,,,,,,,,,,,,,,,,TB_OD10321.py,TB_OD10321_yyyymm.csv
323,공공데이터포털,(한국은행)금리,322_(한국은행)금리,,,,,,,,DATA,한국은행,재정금융,,,,,,,,,,,,,,,,TB_OD10322.py,TB_OD10322_yyyymm.csv
324,공공데이터포털,(한국은행)기업경기/소비자동향/경제심리,323_(한국은행)기업경기_소비자동향_경제심리,,,,,,,,DATA,한국은행,재정금융,,,,,,,,,,,,,,,,TB_OD10323.py,TB_OD10323_yyyymm.csv
325,공공데이터포털,(한국은행)대출행태서베이,324_(한국은행)대출행태서베이,,,,,,,,DATA,한국은행,재정금융,,,,,,,,,,,,,,,,TB_OD10324.py,TB_OD10324_yyyymm.csv
326,공공데이터포털,(한국은행)산업연관표,325_(한국은행)산업연관표,,,,,,,,DATA,한국은행,재정금융,,,,,,,,,,,,,,,,TB_OD10325.py,TB_OD10325_yyyymm.csv
327,공공데이터포털,(한국은행)예금/대출금/기타금융,326_(한국은행)예금_대출금_기타금융,,,,,,,,DATA,한국은행,재정금융,,,,,,,,,,,,,,,,TB_OD10326.py,TB_OD10326_yyyymm.csv
328,공공데이터포털,(한국은행)자금순환,327_(한국은행)자금순환,,,,,,,,DATA,한국은행,재정금융,,,,,,,,,,,,,,,,TB_OD10327.py,TB_OD10327_yyyymm.csv
329,공공데이터포털,(한국은행)지급결제,328_(한국은행)지급결제,,,,,,,,DATA,한국은행,재정금융,,,,,,,,,,,,,,,,TB_OD10328.py,TB_OD10328_yyyymm.csv
330,공공데이터포털,(한국은행)통화 및 유동성 지표,329_(한국은행)통화 및 유동성 지표,,,,,,,,DATA,한국은행,재정금융,,,,,,,,,,,,,,,,TB_OD10329.py,TB_OD10329_yyyymm.csv
331,공공데이터포털,(한국은행)한국은행 주요계정 및 기준금리,330_(한국은행)한국은행 주요계정 및 기준금리,,,,,,,,DATA,한국은행,재정금융,,,-*,,,,,,,,,,,,,TB_OD10330.py,TB_OD10330_yyyymm.csv
332,공공데이터포털,(한국은행)거시경제분석 지표,331_(한국은행)거시경제분석 지표,,,,,,,,DATA,한국은행,재정금융,,,,,,,,,,,,,,,,TB_OD10331.py,TB_OD10331_yyyymm.csv
333,공공데이터포털,(한국은행)기업경영분석,332_(한국은행)기업경영분석,,,,,,,,DATA,한국은행,재정금융,,,,,,,,,,,,,,,,TB_OD10332.py,TB_OD10332_yyyymm.csv
334,공공데이터포털,(한국은행)물가,333_(한국은행)물가,,,,,,,,DATA,한국은행,재정금융,,,,,,,,,,,,,,,,TB_OD10333.py,TB_OD10333_yyyymm.csv
335,공공데이터포털,(한국은행)해외/북한,334_(한국은행)해외_북한,,,,,,,,DATA,한국은행,재정금융,,,,,,,,,,,,,,,,TB_OD10334.py,TB_OD10334_yyyymm.csv
336,공공데이터포털,건물정보,335_건물정보,,,,,,,,DATA,국토교통부,국토관리,,,,,,,,,,,,,,,"335 중복, 20190419 삭제",TB_OD10335.py,TB_OD10335_yyyymm.csv
337,공공데이터포털,건물정보,336_건물정보,,,,,,,,OPENAPI,국토교통부,국토관리,,,,,,,,,,,,,,,,TB_OD10336.py,TB_OD10336_yyyymm.csv
338,공공데이터포털,부동산 지적정보,337_부동산 지적정보,,,,,,,,OPENAPI,국토교통부,국토관리,,,,,,,,,,,,,,,"317 중복, 20190419 삭제",TB_OD10337.py,TB_OD10337_yyyymm.csv
339,공공데이터포털,부동산 지적정보,338_부동산 지적정보,,,,,,,,DATA,국토교통부,국토관리,,,,,,,,,,,,,,,완료,TB_OD10338.py,TB_OD10338_yyyymm.csv
340,공공데이터포털,한국자산관리공사 서민금융(대출) 관련 정보,339_한국자산관리공사 서민금융(대출) 관련 정보,,,,,,,,DATA,한국자산관리공사,재정금융,,,,,,,,,,,,,,,,TB_OD10339.py,TB_OD10339_yyyymm.csv
341,공공데이터포털,건축인허가 정보,340_건축인허가 정보,,,,,,,,OPENAPI,국토교통부,국토관리,,,,,,,,,,,,,,,,TB_OD10340.py,TB_OD10340_yyyymm.csv
342,공공데이터포털,주택건설사업계획승인 정보,341_주택건설사업계획승인 정보,,,,,,,,OPENAPI,국토교통부,국토관리,,,,,,,,,,,,,,,,TB_OD10341.py,TB_OD10341_yyyymm.csv
343,공공데이터포털,금융시장동향,342_금융시장동향,,,,,,,,DATA,금융위원회,재정금융,,,,,,,,,,,,,,,,TB_OD10342.py,TB_OD10342_yyyymm.csv
344,공공데이터포털,한국감정원 담보가치 정보,343_한국감정원 담보가치 정보,,,,,,,,OPENAPI,한국감정원,국토관리,,,,,,,,,,,,,,,,TB_OD10343.py,TB_OD10343_yyyymm.csv
345,공공데이터포털,한국감정원 부동산 전세가격 지수 현황,344_한국감정원 부동산 전세가격 지수 현황,,,,,,,,OPENAPI,한국감정원,국토관리,,,,,,,,,,,,,,,"340 중복, 20190419 삭제",TB_OD10344.py,TB_OD10344_yyyymm.csv
346,공공데이터포털,건축인허가 정보,345_건축인허가 정보,,,,,,,,DATA,국토교통부,국토관리,,,,,,,,,,,,,,,"341 중복, 20190419 삭제",TB_OD10345.py,TB_OD10345_yyyymm.csv
347,공공데이터포털,주택건설사업계획승인 정보,346_주택건설사업계획승인 정보,,,,,,,,DATA,국토교통부,국토관리,,,,,,,,,,,,,,,완료,TB_OD10346.py,TB_OD10346_yyyymm.csv
348,공공데이터포털,부동산시장 소비심리지수,347_부동산시장 소비심리지수,,,,,,,,DATA,국토연구원,국토관리,,,,,,,,,,,,,,,20190419 삭제,TB_OD10347.py,TB_OD10347_yyyymm.csv
349,공공데이터포털,온라인 수집 가격 정보,348_온라인 수집 가격 정보,,,,,,,,DATA,통계청,국토관리,,,,,,,,,,,,,,,20190419 삭제,TB_OD10348.py,TB_OD10348_yyyymm.csv
350,공공데이터포털,온라인 수집 가격 정보,349_온라인 수집 가격 정보,,,,,,,,OPENAPI,통계청,재정금융,,,,,,,,,,,,,,,"343 중복, 20190419 삭제",TB_OD10349.py,TB_OD10349_yyyymm.csv
351,공공데이터포털,한국감정원 담보가치 정보,350_한국감정원 담보가치 정보,,,,,,,,DATA,한국감정원,국토관리,,,,,,,,,,,,,,,완료,TB_OD10350.py,TB_OD10350_yyyymm.csv
352,공공데이터포털,한국감정원 부동산 거래동향,351_한국감정원 부동산 거래동향,,,,,,,,DATA,한국감정원,국토관리,,,,,,,,,,,,,,,완료,TB_OD10351.py,TB_OD10351_yyyymm.csv
353,공공데이터포털,한국감정원 아파트 실거래가격지수,352_한국감정원 아파트 실거래가격지수,,,,,,,,DATA,한국감정원,국토관리,,,,http://openapi.kab.co.kr/OpenAPI_ToolInstallPackage/service/rest/AptTradingStateSvc/getAptTrdStateCaseOfNbr?&serviceKey=,,,aiaNgZ3r3nPeUj5%2FKuJ10ZNRmyePXavavOu8RZwO%2F84LnOn5KxhWa1%2F5nwxk0Y4M10W0fjCK1SksOQeQsdMu6A%3D%3D,startmonth=200601&endmonth=201903&region=11000,,xml,,,,,완료,TB_OD10352.py,TB_OD10352_yyyymm.csv
354,공공데이터포털,한국감정원 주택거래 현황,353_한국감정원 주택거래 현황,,,,,,,,DATA,한국감정원,국토관리,,,,,,,,,,,,,,,"353 중복, 20190419 삭제",TB_OD10353.py,TB_OD10353_yyyymm.csv
355,공공데이터포털,한국감정원 주택거래 현황,354_한국감정원 주택거래 현황,,,,,,,,OPENAPI,한국감정원,국토관리,,,,,,,,,,,,,,,완료,TB_OD10354.py,TB_OD10354_yyyymm.csv
356,공공데이터포털,한국감정원 토지거래 현황,355_한국감정원 토지거래 현황,,,,,,,,DATA,한국감정원,국토관리,,,,,,,,,,,,,,,"355 중복, 20190419 삭제",TB_OD10355.py,TB_OD10355_yyyymm.csv
357,공공데이터포털,한국감정원 토지거래 현황,356_한국감정원 토지거래 현황,,,,,,,,OPENAPI,한국감정원,국토관리,,,,http://openapi.kab.co.kr/OpenAPI_ToolInstallPackage/service/rest/LandTradingStateSvc/getLandTrdStateCaseOfNbr?&serviceKey=,,,Z5J2q693N6mpcWIY9wSZqKgJXsAcan78Wc8dorriZfblBHoCZSqawyAVOgvykleO26uY39699xPbDd4ENw6s1w%3D%3D,startmonth=200601&endmonth=201903&region=11000,,xml,,,,,,TB_OD10356.py,TB_OD10356_yyyymm.csv
358,공공데이터포털,한국감정원 부동산 월세가격 지수 현황,357_한국감정원 부동산 월세가격 지수 현황,,,,,,,,OPENAPI,한국감정원,국토관리,,,,,,,,,,,,,,,"352 중복, 20190419 삭제",TB_OD10357.py,TB_OD10357_yyyymm.csv
359,공공데이터포털,한국감정원 아파트 실거래가격지수,358_한국감정원 아파트 실거래가격지수,,,,,,,,OPENAPI,한국감정원,국토관리,,,,,,,,,,,,,,,,TB_OD10358.py,TB_OD10358_yyyymm.csv
360,공공데이터포털,한국감정원 지가지수 현황,359_한국감정원 지가지수 현황,,,,,,,,OPENAPI,한국감정원,국토관리,,,,,,,,,,,,,,,,TB_OD10359.py,TB_OD10359_yyyymm.csv
361,공공데이터포털,한국주택금융공사 주택저당증권(MBS) 현황,360_한국주택금융공사 주택저당증권(MBS) 현황,,,,,,,,OPENAPI,한국주택금융공사,재정금융,,,,,,,,,,,,,,,,TB_OD10360.py,TB_OD10360_yyyymm.csv
362,공공데이터포털,한국주택금융공사 주택저당채권담보부채권(MBB) 현황,361_한국주택금융공사 주택저당채권담보부채권(MBB) 현황,,,,,,,,OPENAPI,한국주택금융공사,재정금융,,,,,,,,,,,,,,,"314 중복, 20190419 삭제",TB_OD10361.py,TB_OD10361_yyyymm.csv
363,공공데이터포털,개인보증 현황,362_개인보증 현황,,,,,,,,DATA,한국주택금융공사,재정금융,,,,,,,,,,,,,,,완료,TB_OD10362.py,TB_OD10362_yyyymm.csv
364,공공데이터포털,사업자보증 현황,363_사업자보증 현황,,,,,,,,DATA,한국주택금융공사,재정금융,,,,,,,,,,,,,,,완료,TB_OD10363.py,TB_OD10363_yyyymm.csv
365,공공데이터포털,한국주택금융공사 적격대출 현황,364_한국주택금융공사 적격대출 현황,,,,,,,,DATA,한국주택금융공사,재정금융,,,,,,,,,,,,,,,"307 중복, 20190419 삭제",TB_OD10364.py,TB_OD10364_yyyymm.csv
366,공공데이터포털,한국감정원 부동산 매매가격지수 현황,365_한국감정원 부동산 매매가격지수 현황,,,,,,,,DATA,한국감정원,재정금융,,,,,,,,,,,,,,,"357 중복, 20190419 삭제",TB_OD10365.py,TB_OD10365_yyyymm.csv
367,공공데이터포털,한국감정원 부동산 월세가격 지수 현황,366_한국감정원 부동산 월세가격 지수 현황,,,,,,,,DATA,한국감정원,국토관리,,,,,,,,,,,,,,,"344 중복, 20190419 삭제",TB_OD10366.py,TB_OD10366_yyyymm.csv
368,공공데이터포털,한국감정원 부동산 전세가격 지수 현황,367_한국감정원 부동산 전세가격 지수 현황,,,,,,,,DATA,한국감정원,국토관리,,,,,,,,,,,,,,,완료,TB_OD10367.py,TB_OD10367_yyyymm.csv
369,공공데이터포털,한국감정원 상업용 부동산 지역별 임대 전환률,368_한국감정원 상업용 부동산 지역별 임대 전환률,,,,,,,,DATA,한국감정원,국토관리,,,,,,,,,,,,,,,완료,TB_OD10368.py,TB_OD10368_yyyymm.csv
370,공공데이터포털,한국감정원 상업용 부동산 층별효용비율 현황,369_한국감정원 상업용 부동산 층별효용비율 현황,,,,,,,,DATA,한국감정원,국토관리,,,,,,,,,,,,,,,완료,TB_OD10369.py,TB_OD10369_yyyymm.csv
371,공공데이터포털,한국감정원 상업용부동산 공실률 현황,370_한국감정원 상업용부동산 공실률 현황,,,,,,,,DATA,한국감정원,국토관리,,,,,,,,,,,,,,,완료,TB_OD10370.py,TB_OD10370_yyyymm.csv
372,공공데이터포털,한국감정원 소득수익률 현황,371_한국감정원 소득수익률 현황,,,,,,,,DATA,한국감정원,국토관리,,,,,,,,,,,,,,,완료,TB_OD10371.py,TB_OD10371_yyyymm.csv
373,공공데이터포털,한국감정원 임대가격지수 현황,372_한국감정원 임대가격지수 현황,,,,,,,,DATA,한국감정원,국토관리,,,,,,,,,,,,,,,완료,TB_OD10372.py,TB_OD10372_yyyymm.csv
374,공공데이터포털,한국감정원 임대료 현황,373_한국감정원 임대료 현황,,,,,,,,DATA,한국감정원,국토관리,,,,,,,,,,,,,,,완료,TB_OD10373.py,TB_OD10373_yyyymm.csv
375,공공데이터포털,한국감정원 지가변동률 현황,374_한국감정원 지가변동률 현황,,,,,,,,DATA,한국감정원,국토관리,,,,,,,,,,,,,,,"359 중복, 20190419 삭제",TB_OD10374.py,TB_OD10374_yyyymm.csv
376,공공데이터포털,한국감정원 지가지수 현황,375_한국감정원 지가지수 현황,,,,,,,,DATA,한국감정원,국토관리,,,,http://openapi.kab.co.kr/OpenAPI_ToolInstallPackage/service/rest/LfrPrcIndexSvc/getLfrPrcIndex?&serviceKey=,,,IPdNBMVqicr7iQwD3Q7A9cDokBT6I4pYWeloB%2BBtCpRkFBIKvmZbl2trNWZ8N0x%2Bl1IufqHYNjCQQpLWMmKVUQ%3D%3D,startmonth=200601&endmonth=201903&region=11000,,xml,,,,,완료,TB_OD10375.py,TB_OD10375_yyyymm.csv
377,공공데이터포털,한국감정원 투자수익률 현황,376_한국감정원 투자수익률 현황,,,,,,,,DATA,한국감정원,국토관리,,,,,,,,,,,,,,,,TB_OD10376.py,TB_OD10376_yyyymm.csv
378,공공데이터포털,(보금자리론) u 보금자리론 만기별 금리현황,377_(보금자리론) u 보금자리론 만기별 금리현황,,,,,,,,OPENAPI,한국주택금융공사,국토관리,,,,,,,,,,,,,,,,TB_OD10377.py,TB_OD10377_yyyymm.csv
379,공공데이터포털,디딤돌대출현황,378_디딤돌대출현황,,,,,,,,OPENAPI,한국주택금융공사,재정금융,,,,,,,,,,,,,,,,TB_OD10378.py,TB_OD10378_yyyymm.csv
380,공공데이터포털,적격대출금리정보,379_적격대출금리정보,,,,,,,,OPENAPI,한국주택금융공사,재정금융,,,,,,,,,,,,,,,,TB_OD10379.py,TB_OD10379_yyyymm.csv
381,공공데이터포털,도시계획통계,380_도시계획통계,,,,,,,,DATA,국토교통부,국토관리,,,,,,,,,,,,,,,,TB_OD10380.py,TB_OD10380_yyyymm.csv
382,공공데이터포털,전세자금대출정보,381_전세자금대출정보,,,,,,,,OPENAPI,한국주택금융공사,국토관리,,,,,,,,,,,,,,,완료,TB_OD10381.py,TB_OD10381_yyyymm.csv
383,공공데이터포털,국토교통부 주택 공시가격 정보,382_국토교통부 주택 공시가격 정보,,,,,,,,DATA,국토교통부,국토관리,,,,,,,,,,,,,,,완료,TB_OD10382.py,TB_OD10382_yyyymm.csv
384,공공데이터포털,보금자리론 대출금액 및 잔액 현황,383_보금자리론 대출금액 및 잔액 현황,,,,,,,,DATA,한국주택금융공사,재정금융,,,,,,,,,,,,,,,완료,TB_OD10383.py,TB_OD10383_yyyymm.csv
385,공공데이터포털,보금자리론 판매실적 현황,384_보금자리론 판매실적 현황,,,,,,,,DATA,한국주택금융공사,재정금융,,,,,,,,,,,,,,,완료,TB_OD10384.py,TB_OD10384_yyyymm.csv
386,공공데이터포털,주택금융관련 지수,385_주택금융관련 지수,,,,,,,,DATA,한국주택금융공사,재정금융,,,,,,,,,,,,,,,완료,TB_OD10385.py,TB_OD10385_yyyymm.csv
387,공공데이터포털,주택금융신용보증 현황,386_주택금융신용보증 현황,,,,,,,,DATA,한국주택금융공사,재정금융,,,,,,,,,,,,,,,"360 중복, 20190419 삭제",TB_OD10386.py,TB_OD10386_yyyymm.csv
388,공공데이터포털,한국주택금융공사 주택저당증권(MBS) 현황,387_한국주택금융공사 주택저당증권(MBS) 현황,,,,,,,,DATA,한국주택금융공사,재정금융,,,,,,,,,,,,,,,"361 중복, 20190419 삭제",TB_OD10387.py,TB_OD10387_yyyymm.csv
389,공공데이터포털,한국주택금융공사 주택저당채권담보부채권(MBB) 현황,388_한국주택금융공사 주택저당채권담보부채권(MBB) 현황,,,,,,,,DATA,한국주택금융공사,재정금융,,,,,,,,,,,,,,,,TB_OD10388.py,TB_OD10388_yyyymm.csv
390,한국감정원,"지가지수(연도별, 용도지역별, 월별, 월별_읍면동별, 이용상황별)","389_지가지수(연도별, 용도지역별, 월별, 월별_읍면동별, 이용상황별)",,,,,,,,API or DATA,한국감정원,부동산 정보,,,,,,,,,,,,,,,,TB_OD10389.py,TB_OD10389_yyyymm.csv
391,한국감정원,"지가변동률(연도별, 용도지역별, 월별, 월별_읍면동별, 이용상황별)","390_지가변동률(연도별, 용도지역별, 월별, 월별_읍면동별, 이용상황별)",,,,,,,,API or DATA,한국감정원,부동산 정보,,,,,,,,,,,,,,,,TB_OD10390.py,TB_OD10390_yyyymm.csv
392,한국감정원,"보조지수(역세권, 농지, 산업단지, 실질, 혁신도시 지가지수)","391_보조지수(역세권, 농지, 산업단지, 실질, 혁신도시 지가지수)",,,,,,,,API or DATA,한국감정원,부동산 정보,,,,,,,,,,,,,,,,TB_OD10391.py,TB_OD10391_yyyymm.csv
393,한국감정원,"매매가격지수(계절조정, 매매가격지수)","392_매매가격지수(계절조정, 매매가격지수)",,,,,,,,API or DATA,한국감정원,부동산 정보,,,,,,,,,,,,,,,,TB_OD10392.py,TB_OD10392_yyyymm.csv
394,한국감정원,"전세가격지수(계절조정, 전세가격지수)","393_전세가격지수(계절조정, 전세가격지수)",,,,,,,,API or DATA,한국감정원,부동산 정보,,,,,,,,,,,,,,,,TB_OD10393.py,TB_OD10393_yyyymm.csv
395,한국감정원,"월세가격지수(월세가격지수, 월세통합, 준월세, 준전세)","394_월세가격지수(월세가격지수, 월세통합, 준월세, 준전세)",,,,,,,,API or DATA,한국감정원,부동산 정보,,,,,,,,,,,,,,,,TB_OD10394.py,TB_OD10394_yyyymm.csv
396,한국감정원,"매매가격(중위단위, 중위, 평균단위, 평균)","395_매매가격(중위단위, 중위, 평균단위, 평균)",,,,,,,,API or DATA,한국감정원,부동산 정보,,,,,,,,,,,,,,,,TB_OD10395.py,TB_OD10395_yyyymm.csv
397,한국감정원,"전세가격(중위단위, 중위, 평균단위, 평균)","396_전세가격(중위단위, 중위, 평균단위, 평균)",,,,,,,,API or DATA,한국감정원,부동산 정보,,,,,,,,,,,,,,,,TB_OD10396.py,TB_OD10396_yyyymm.csv
398,한국감정원,"월세가격(중위, 중위월세보증금, 평균, 평균월세보증금)","397_월세가격(중위, 중위월세보증금, 평균, 평균월세보증금)",,,,,,,,API or DATA,한국감정원,부동산 정보,,,,,,,,,,,,,,,,TB_OD10397.py,TB_OD10397_yyyymm.csv
399,한국감정원,"매매가격 대비 전세가격(중위, 평균)","398_매매가격 대비 전세가격(중위, 평균)",,,,,,,,API or DATA,한국감정원,부동산 정보,,,,,,,,,,,,,,,,TB_OD10398.py,TB_OD10398_yyyymm.csv
400,한국감정원,"전세가격 대비 보증금(중위, 평균)","399_전세가격 대비 보증금(중위, 평균)",,,,,,,,API or DATA,한국감정원,부동산 정보,,,,,,,,,,,,,,,,TB_OD10399.py,TB_OD10399_yyyymm.csv
401,한국감정원,"거래수급동향(매매거래,매매수급, 전세거래, 전세수급, 월세거래, 월세수급)","400_거래수급동향(매매거래,매매수급, 전세거래, 전세수급, 월세거래, 월세수급)",,,,,,,,API or DATA,한국감정원,부동산 정보,,,,,,,,,,,,,,,,TB_OD10400.py,TB_OD10400_yyyymm.csv
402,한국감정원,"기타(5분위배율), 연소득 대비 주택가격비율(PIR), 주택구매력지수(HAI)","401_기타(5분위배율), 연소득 대비 주택가격비율(PIR), 주택구매력지수(HAI)",,,,,,,,API or DATA,한국감정원,부동산 정보,,,,,,,,,,,,,,,완료,TB_OD10401.py,TB_OD10401_yyyymm.csv
403,한국감정원,"전월세전환율(지역별, 규모별)","402_전월세전환율(지역별, 규모별)",,,,,,,,API or DATA,한국감정원,부동산 정보,,,,,,,,,,,,,,,,TB_OD10402.py,TB_OD10402_yyyymm.csv
404,한국감정원,"매매가격지수(규모별, 매매가격지수, 연령별)","403_매매가격지수(규모별, 매매가격지수, 연령별)",,,,,,,,API or DATA,한국감정원,부동산 정보,,,,,,,,,,,,,,,완료,TB_OD10403.py,TB_OD10403_yyyymm.csv
405,한국감정원,"수급거래동향(매매거래, 매매수급, 전세거래, 전세수급)","404_수급거래동향(매매거래, 매매수급, 전세거래, 전세수급)",,,,,,,,API or DATA,한국감정원,부동산 정보,,,,,,,,,,,,,,,,TB_OD10404.py,TB_OD10404_yyyymm.csv
406,한국감정원,"전세가격지수(규모별, 연령별, 전세가격지수)","405_전세가격지수(규모별, 연령별, 전세가격지수)",,,,,,,,API or DATA,한국감정원,부동산 정보,,,,,,,,,,,,,,,,TB_OD10405.py,TB_OD10405_yyyymm.csv
407,한국감정원,"임대정보(임대가격지수, 공실률, 임대료, 층별효용비율, 전환율)","406_임대정보(임대가격지수, 공실률, 임대료, 층별효용비율, 전환율)",,,,,,,,API or DATA,한국감정원,부동산 정보,,,,,,,,,,,,,,,,TB_OD10406.py,TB_OD10406_yyyymm.csv
408,한국감정원,"수익률정보(투자수익률, 소득수익률, 자본수익률, 순영업소득)","407_수익률정보(투자수익률, 소득수익률, 자본수익률, 순영업소득)",,,,,,,,API or DATA,한국감정원,부동산 정보,,,,,,,,,,,,,,,,TB_OD10407.py,TB_OD10407_yyyymm.csv
409,한국감정원,"아파트(규모별, 시군구별(분기별), 지역별)","408_아파트(규모별, 시군구별(분기별), 지역별)",,,,,,,,API or DATA,한국감정원,부동산 정보,,,,,,,,,,,,,,,,TB_OD10408.py,TB_OD10408_yyyymm.csv
410,한국감정원,"연립다세대(규모별, 시군구별(분기별), 지역별)","409_연립다세대(규모별, 시군구별(분기별), 지역별)",,,,,,,,API or DATA,한국감정원,부동산 정보,,,,,,,,,,,,,,,,TB_OD10409.py,TB_OD10409_yyyymm.csv
411,한국감정원,토지거래통계,410_토지거래통계,,,,,,,,API or DATA,한국감정원,부동산 정보,,,,,,,,,,,,,,,,TB_OD10410.py,TB_OD10410_yyyymm.csv
412,한국감정원,순수토지거래통계,411_순수토지거래통계,,,,,,,,API or DATA,한국감정원,부동산 정보,,,,,,,,,,,,,,,,TB_OD10411.py,TB_OD10411_yyyymm.csv
413,한국감정원,건축물거래통계,412_건축물거래통계,,,,,,,,API or DATA,한국감정원,부동산 정보,,,,,,,,,,,,,,,,TB_OD10412.py,TB_OD10412_yyyymm.csv
414,한국감정원,주택거래통계,413_주택거래통계,,,,,,,,API or DATA,한국감정원,부동산 정보,,,,,,,,,,,,,,,,TB_OD10413.py,TB_OD10413_yyyymm.csv
415,한국감정원,아파트거래통계,414_아파트거래통계,,,,,,,,API or DATA,한국감정원,부동산 정보,,,,,,,,,,,,,,,,TB_OD10414.py,TB_OD10414_yyyymm.csv
416,한국감정원,주택매매거래통계,415_주택매매거래통계,,,,,,,,API or DATA,한국감정원,부동산 정보,,,,,,,,,,,,,,,,TB_OD10415.py,TB_OD10415_yyyymm.csv
417,한국감정원,아파트매매거래통계,416_아파트매매거래통계,,,,,,,,API or DATA,한국감정원,부동산 정보,,,,,,,,,,,,,,,,TB_OD10416.py,TB_OD10416_yyyymm.csv
