,C1,C1_NM,C1_NM_ENG,C1_OBJ_NM,C2,C2_NM,C2_OBJ_NM,C3,C3_NM,C3_OBJ_NM,DT,ITM_ID,ITM_NM,ORG_ID,PRD_DE,PRD_SE,TBL_ID,TBL_NM,UNIT_NM
0,00,전국,Whole country,거주지역별,000,총계,주택자산 가액별,01,주택소유 가구,주택소유 현황별,11000007,T001,일반 가구수 및 소유 주택수,101,2017,A,DT_1OH0410,거주지역별 주택자산가액별 주택소유 가구수 및 주택수 현황,가구/호
1,00,전국,Whole country,거주지역별,000,총계,주택자산 가액별,02,가구소유 주택,주택소유 현황별,14973014,T001,일반 가구수 및 소유 주택수,101,2017,A,DT_1OH0410,거주지역별 주택자산가액별 주택소유 가구수 및 주택수 현황,가구/호
2,00,전국,Whole country,거주지역별,010,0.6억이하,주택자산 가액별,01,주택소유 가구,주택소유 현황별,1740974,T001,일반 가구수 및 소유 주택수,101,2017,A,DT_1OH0410,거주지역별 주택자산가액별 주택소유 가구수 및 주택수 현황,가구/호
3,00,전국,Whole country,거주지역별,010,0.6억이하,주택자산 가액별,02,가구소유 주택,주택소유 현황별,1724981,T001,일반 가구수 및 소유 주택수,101,2017,A,DT_1OH0410,거주지역별 주택자산가액별 주택소유 가구수 및 주택수 현황,가구/호
4,00,전국,Whole country,거주지역별,020,0.6~1.5억,주택자산 가액별,01,주택소유 가구,주택소유 현황별,3390716,T001,일반 가구수 및 소유 주택수,101,2017,A,DT_1OH0410,거주지역별 주택자산가액별 주택소유 가구수 및 주택수 현황,가구/호
5,00,전국,Whole country,거주지역별,020,0.6~1.5억,주택자산 가액별,02,가구소유 주택,주택소유 현황별,3756088,T001,일반 가구수 및 소유 주택수,101,2017,A,DT_1OH0410,거주지역별 주택자산가액별 주택소유 가구수 및 주택수 현황,가구/호
6,00,전국,Whole country,거주지역별,030,1.5~3억,주택자산 가액별,01,주택소유 가구,주택소유 현황별,3310672,T001,일반 가구수 및 소유 주택수,101,2017,A,DT_1OH0410,거주지역별 주택자산가액별 주택소유 가구수 및 주택수 현황,가구/호
7,00,전국,Whole country,거주지역별,030,1.5~3억,주택자산 가액별,02,가구소유 주택,주택소유 현황별,4225159,T001,일반 가구수 및 소유 주택수,101,2017,A,DT_1OH0410,거주지역별 주택자산가액별 주택소유 가구수 및 주택수 현황,가구/호
8,00,전국,Whole country,거주지역별,040,3~6억,주택자산 가액별,01,주택소유 가구,주택소유 현황별,1800104,T001,일반 가구수 및 소유 주택수,101,2017,A,DT_1OH0410,거주지역별 주택자산가액별 주택소유 가구수 및 주택수 현황,가구/호
9,00,전국,Whole country,거주지역별,040,3~6억,주택자산 가액별,02,가구소유 주택,주택소유 현황별,3022978,T001,일반 가구수 및 소유 주택수,101,2017,A,DT_1OH0410,거주지역별 주택자산가액별 주택소유 가구수 및 주택수 현황,가구/호
10,00,전국,Whole country,거주지역별,050,6~12억,주택자산 가액별,01,주택소유 가구,주택소유 현황별,592965,T001,일반 가구수 및 소유 주택수,101,2017,A,DT_1OH0410,거주지역별 주택자산가액별 주택소유 가구수 및 주택수 현황,가구/호
11,00,전국,Whole country,거주지역별,050,6~12억,주택자산 가액별,02,가구소유 주택,주택소유 현황별,1448257,T001,일반 가구수 및 소유 주택수,101,2017,A,DT_1OH0410,거주지역별 주택자산가액별 주택소유 가구수 및 주택수 현황,가구/호
12,00,전국,Whole country,거주지역별,060,12억 초과,주택자산 가액별,01,주택소유 가구,주택소유 현황별,164576,T001,일반 가구수 및 소유 주택수,101,2017,A,DT_1OH0410,거주지역별 주택자산가액별 주택소유 가구수 및 주택수 현황,가구/호
13,00,전국,Whole country,거주지역별,060,12억 초과,주택자산 가액별,02,가구소유 주택,주택소유 현황별,795551,T001,일반 가구수 및 소유 주택수,101,2017,A,DT_1OH0410,거주지역별 주택자산가액별 주택소유 가구수 및 주택수 현황,가구/호
14,11,서울특별시,Seoul,거주지역별,000,총계,주택자산 가액별,01,주택소유 가구,주택소유 현황별,1875189,T001,일반 가구수 및 소유 주택수,101,2017,A,DT_1OH0410,거주지역별 주택자산가액별 주택소유 가구수 및 주택수 현황,가구/호
15,11,서울특별시,Seoul,거주지역별,000,총계,주택자산 가액별,02,가구소유 주택,주택소유 현황별,2676900,T001,일반 가구수 및 소유 주택수,101,2017,A,DT_1OH0410,거주지역별 주택자산가액별 주택소유 가구수 및 주택수 현황,가구/호
16,11,서울특별시,Seoul,거주지역별,010,0.6억이하,주택자산 가액별,01,주택소유 가구,주택소유 현황별,71403,T001,일반 가구수 및 소유 주택수,101,2017,A,DT_1OH0410,거주지역별 주택자산가액별 주택소유 가구수 및 주택수 현황,가구/호
17,11,서울특별시,Seoul,거주지역별,010,0.6억이하,주택자산 가액별,02,가구소유 주택,주택소유 현황별,57859,T001,일반 가구수 및 소유 주택수,101,2017,A,DT_1OH0410,거주지역별 주택자산가액별 주택소유 가구수 및 주택수 현황,가구/호
18,11,서울특별시,Seoul,거주지역별,020,0.6~1.5억,주택자산 가액별,01,주택소유 가구,주택소유 현황별,287552,T001,일반 가구수 및 소유 주택수,101,2017,A,DT_1OH0410,거주지역별 주택자산가액별 주택소유 가구수 및 주택수 현황,가구/호
19,11,서울특별시,Seoul,거주지역별,020,0.6~1.5억,주택자산 가액별,02,가구소유 주택,주택소유 현황별,283739,T001,일반 가구수 및 소유 주택수,101,2017,A,DT_1OH0410,거주지역별 주택자산가액별 주택소유 가구수 및 주택수 현황,가구/호
20,11,서울특별시,Seoul,거주지역별,030,1.5~3억,주택자산 가액별,01,주택소유 가구,주택소유 현황별,546197,T001,일반 가구수 및 소유 주택수,101,2017,A,DT_1OH0410,거주지역별 주택자산가액별 주택소유 가구수 및 주택수 현황,가구/호
21,11,서울특별시,Seoul,거주지역별,030,1.5~3억,주택자산 가액별,02,가구소유 주택,주택소유 현황별,602226,T001,일반 가구수 및 소유 주택수,101,2017,A,DT_1OH0410,거주지역별 주택자산가액별 주택소유 가구수 및 주택수 현황,가구/호
22,11,서울특별시,Seoul,거주지역별,040,3~6억,주택자산 가액별,01,주택소유 가구,주택소유 현황별,580812,T001,일반 가구수 및 소유 주택수,101,2017,A,DT_1OH0410,거주지역별 주택자산가액별 주택소유 가구수 및 주택수 현황,가구/호
23,11,서울특별시,Seoul,거주지역별,040,3~6억,주택자산 가액별,02,가구소유 주택,주택소유 현황별,784464,T001,일반 가구수 및 소유 주택수,101,2017,A,DT_1OH0410,거주지역별 주택자산가액별 주택소유 가구수 및 주택수 현황,가구/호
24,11,서울특별시,Seoul,거주지역별,050,6~12억,주택자산 가액별,01,주택소유 가구,주택소유 현황별,281217,T001,일반 가구수 및 소유 주택수,101,2017,A,DT_1OH0410,거주지역별 주택자산가액별 주택소유 가구수 및 주택수 현황,가구/호
25,11,서울특별시,Seoul,거주지역별,050,6~12억,주택자산 가액별,02,가구소유 주택,주택소유 현황별,541592,T001,일반 가구수 및 소유 주택수,101,2017,A,DT_1OH0410,거주지역별 주택자산가액별 주택소유 가구수 및 주택수 현황,가구/호
26,11,서울특별시,Seoul,거주지역별,060,12억 초과,주택자산 가액별,01,주택소유 가구,주택소유 현황별,108008,T001,일반 가구수 및 소유 주택수,101,2017,A,DT_1OH0410,거주지역별 주택자산가액별 주택소유 가구수 및 주택수 현황,가구/호
27,11,서울특별시,Seoul,거주지역별,060,12억 초과,주택자산 가액별,02,가구소유 주택,주택소유 현황별,407018,T001,일반 가구수 및 소유 주택수,101,2017,A,DT_1OH0410,거주지역별 주택자산가액별 주택소유 가구수 및 주택수 현황,가구/호
28,21,부산광역시,Busan,거주지역별,000,총계,주택자산 가액별,01,주택소유 가구,주택소유 현황별,791489,T001,일반 가구수 및 소유 주택수,101,2017,A,DT_1OH0410,거주지역별 주택자산가액별 주택소유 가구수 및 주택수 현황,가구/호
29,21,부산광역시,Busan,거주지역별,000,총계,주택자산 가액별,02,가구소유 주택,주택소유 현황별,1105795,T001,일반 가구수 및 소유 주택수,101,2017,A,DT_1OH0410,거주지역별 주택자산가액별 주택소유 가구수 및 주택수 현황,가구/호
30,21,부산광역시,Busan,거주지역별,010,0.6억이하,주택자산 가액별,01,주택소유 가구,주택소유 현황별,85004,T001,일반 가구수 및 소유 주택수,101,2017,A,DT_1OH0410,거주지역별 주택자산가액별 주택소유 가구수 및 주택수 현황,가구/호
31,21,부산광역시,Busan,거주지역별,010,0.6억이하,주택자산 가액별,02,가구소유 주택,주택소유 현황별,81048,T001,일반 가구수 및 소유 주택수,101,2017,A,DT_1OH0410,거주지역별 주택자산가액별 주택소유 가구수 및 주택수 현황,가구/호
32,21,부산광역시,Busan,거주지역별,020,0.6~1.5억,주택자산 가액별,01,주택소유 가구,주택소유 현황별,272363,T001,일반 가구수 및 소유 주택수,101,2017,A,DT_1OH0410,거주지역별 주택자산가액별 주택소유 가구수 및 주택수 현황,가구/호
33,21,부산광역시,Busan,거주지역별,020,0.6~1.5억,주택자산 가액별,02,가구소유 주택,주택소유 현황별,289335,T001,일반 가구수 및 소유 주택수,101,2017,A,DT_1OH0410,거주지역별 주택자산가액별 주택소유 가구수 및 주택수 현황,가구/호
34,21,부산광역시,Busan,거주지역별,030,1.5~3억,주택자산 가액별,01,주택소유 가구,주택소유 현황별,264012,T001,일반 가구수 및 소유 주택수,101,2017,A,DT_1OH0410,거주지역별 주택자산가액별 주택소유 가구수 및 주택수 현황,가구/호
35,21,부산광역시,Busan,거주지역별,030,1.5~3억,주택자산 가액별,02,가구소유 주택,주택소유 현황별,332276,T001,일반 가구수 및 소유 주택수,101,2017,A,DT_1OH0410,거주지역별 주택자산가액별 주택소유 가구수 및 주택수 현황,가구/호
36,21,부산광역시,Busan,거주지역별,040,3~6억,주택자산 가액별,01,주택소유 가구,주택소유 현황별,132781,T001,일반 가구수 및 소유 주택수,101,2017,A,DT_1OH0410,거주지역별 주택자산가액별 주택소유 가구수 및 주택수 현황,가구/호
37,21,부산광역시,Busan,거주지역별,040,3~6억,주택자산 가액별,02,가구소유 주택,주택소유 현황별,235633,T001,일반 가구수 및 소유 주택수,101,2017,A,DT_1OH0410,거주지역별 주택자산가액별 주택소유 가구수 및 주택수 현황,가구/호
38,21,부산광역시,Busan,거주지역별,050,6~12억,주택자산 가액별,01,주택소유 가구,주택소유 현황별,31779,T001,일반 가구수 및 소유 주택수,101,2017,A,DT_1OH0410,거주지역별 주택자산가액별 주택소유 가구수 및 주택수 현황,가구/호
39,21,부산광역시,Busan,거주지역별,050,6~12억,주택자산 가액별,02,가구소유 주택,주택소유 현황별,109211,T001,일반 가구수 및 소유 주택수,101,2017,A,DT_1OH0410,거주지역별 주택자산가액별 주택소유 가구수 및 주택수 현황,가구/호
40,21,부산광역시,Busan,거주지역별,060,12억 초과,주택자산 가액별,01,주택소유 가구,주택소유 현황별,5550,T001,일반 가구수 및 소유 주택수,101,2017,A,DT_1OH0410,거주지역별 주택자산가액별 주택소유 가구수 및 주택수 현황,가구/호
41,21,부산광역시,Busan,거주지역별,060,12억 초과,주택자산 가액별,02,가구소유 주택,주택소유 현황별,58291,T001,일반 가구수 및 소유 주택수,101,2017,A,DT_1OH0410,거주지역별 주택자산가액별 주택소유 가구수 및 주택수 현황,가구/호
42,22,대구광역시,Daegu,거주지역별,000,총계,주택자산 가액별,01,주택소유 가구,주택소유 현황별,550374,T001,일반 가구수 및 소유 주택수,101,2017,A,DT_1OH0410,거주지역별 주택자산가액별 주택소유 가구수 및 주택수 현황,가구/호
43,22,대구광역시,Daegu,거주지역별,000,총계,주택자산 가액별,02,가구소유 주택,주택소유 현황별,722939,T001,일반 가구수 및 소유 주택수,101,2017,A,DT_1OH0410,거주지역별 주택자산가액별 주택소유 가구수 및 주택수 현황,가구/호
44,22,대구광역시,Daegu,거주지역별,010,0.6억이하,주택자산 가액별,01,주택소유 가구,주택소유 현황별,45556,T001,일반 가구수 및 소유 주택수,101,2017,A,DT_1OH0410,거주지역별 주택자산가액별 주택소유 가구수 및 주택수 현황,가구/호
45,22,대구광역시,Daegu,거주지역별,010,0.6억이하,주택자산 가액별,02,가구소유 주택,주택소유 현황별,40021,T001,일반 가구수 및 소유 주택수,101,2017,A,DT_1OH0410,거주지역별 주택자산가액별 주택소유 가구수 및 주택수 현황,가구/호
46,22,대구광역시,Daegu,거주지역별,020,0.6~1.5억,주택자산 가액별,01,주택소유 가구,주택소유 현황별,203048,T001,일반 가구수 및 소유 주택수,101,2017,A,DT_1OH0410,거주지역별 주택자산가액별 주택소유 가구수 및 주택수 현황,가구/호
47,22,대구광역시,Daegu,거주지역별,020,0.6~1.5억,주택자산 가액별,02,가구소유 주택,주택소유 현황별,211511,T001,일반 가구수 및 소유 주택수,101,2017,A,DT_1OH0410,거주지역별 주택자산가액별 주택소유 가구수 및 주택수 현황,가구/호
48,22,대구광역시,Daegu,거주지역별,030,1.5~3억,주택자산 가액별,01,주택소유 가구,주택소유 현황별,193013,T001,일반 가구수 및 소유 주택수,101,2017,A,DT_1OH0410,거주지역별 주택자산가액별 주택소유 가구수 및 주택수 현황,가구/호
49,22,대구광역시,Daegu,거주지역별,030,1.5~3억,주택자산 가액별,02,가구소유 주택,주택소유 현황별,239894,T001,일반 가구수 및 소유 주택수,101,2017,A,DT_1OH0410,거주지역별 주택자산가액별 주택소유 가구수 및 주택수 현황,가구/호
50,22,대구광역시,Daegu,거주지역별,040,3~6억,주택자산 가액별,01,주택소유 가구,주택소유 현황별,82808,T001,일반 가구수 및 소유 주택수,101,2017,A,DT_1OH0410,거주지역별 주택자산가액별 주택소유 가구수 및 주택수 현황,가구/호
51,22,대구광역시,Daegu,거주지역별,040,3~6억,주택자산 가액별,02,가구소유 주택,주택소유 현황별,150897,T001,일반 가구수 및 소유 주택수,101,2017,A,DT_1OH0410,거주지역별 주택자산가액별 주택소유 가구수 및 주택수 현황,가구/호
52,22,대구광역시,Daegu,거주지역별,050,6~12억,주택자산 가액별,01,주택소유 가구,주택소유 현황별,22460,T001,일반 가구수 및 소유 주택수,101,2017,A,DT_1OH0410,거주지역별 주택자산가액별 주택소유 가구수 및 주택수 현황,가구/호
53,22,대구광역시,Daegu,거주지역별,050,6~12억,주택자산 가액별,02,가구소유 주택,주택소유 현황별,60849,T001,일반 가구수 및 소유 주택수,101,2017,A,DT_1OH0410,거주지역별 주택자산가액별 주택소유 가구수 및 주택수 현황,가구/호
54,22,대구광역시,Daegu,거주지역별,060,12억 초과,주택자산 가액별,01,주택소유 가구,주택소유 현황별,3489,T001,일반 가구수 및 소유 주택수,101,2017,A,DT_1OH0410,거주지역별 주택자산가액별 주택소유 가구수 및 주택수 현황,가구/호
55,22,대구광역시,Daegu,거주지역별,060,12억 초과,주택자산 가액별,02,가구소유 주택,주택소유 현황별,19768,T001,일반 가구수 및 소유 주택수,101,2017,A,DT_1OH0410,거주지역별 주택자산가액별 주택소유 가구수 및 주택수 현황,가구/호
56,23,인천광역시,Incheon,거주지역별,000,총계,주택자산 가액별,01,주택소유 가구,주택소유 현황별,630228,T001,일반 가구수 및 소유 주택수,101,2017,A,DT_1OH0410,거주지역별 주택자산가액별 주택소유 가구수 및 주택수 현황,가구/호
57,23,인천광역시,Incheon,거주지역별,000,총계,주택자산 가액별,02,가구소유 주택,주택소유 현황별,833843,T001,일반 가구수 및 소유 주택수,101,2017,A,DT_1OH0410,거주지역별 주택자산가액별 주택소유 가구수 및 주택수 현황,가구/호
58,23,인천광역시,Incheon,거주지역별,010,0.6억이하,주택자산 가액별,01,주택소유 가구,주택소유 현황별,82451,T001,일반 가구수 및 소유 주택수,101,2017,A,DT_1OH0410,거주지역별 주택자산가액별 주택소유 가구수 및 주택수 현황,가구/호
59,23,인천광역시,Incheon,거주지역별,010,0.6억이하,주택자산 가액별,02,가구소유 주택,주택소유 현황별,77654,T001,일반 가구수 및 소유 주택수,101,2017,A,DT_1OH0410,거주지역별 주택자산가액별 주택소유 가구수 및 주택수 현황,가구/호
60,23,인천광역시,Incheon,거주지역별,020,0.6~1.5억,주택자산 가액별,01,주택소유 가구,주택소유 현황별,204460,T001,일반 가구수 및 소유 주택수,101,2017,A,DT_1OH0410,거주지역별 주택자산가액별 주택소유 가구수 및 주택수 현황,가구/호
61,23,인천광역시,Incheon,거주지역별,020,0.6~1.5억,주택자산 가액별,02,가구소유 주택,주택소유 현황별,219337,T001,일반 가구수 및 소유 주택수,101,2017,A,DT_1OH0410,거주지역별 주택자산가액별 주택소유 가구수 및 주택수 현황,가구/호
62,23,인천광역시,Incheon,거주지역별,030,1.5~3억,주택자산 가액별,01,주택소유 가구,주택소유 현황별,235164,T001,일반 가구수 및 소유 주택수,101,2017,A,DT_1OH0410,거주지역별 주택자산가액별 주택소유 가구수 및 주택수 현황,가구/호
63,23,인천광역시,Incheon,거주지역별,030,1.5~3억,주택자산 가액별,02,가구소유 주택,주택소유 현황별,294937,T001,일반 가구수 및 소유 주택수,101,2017,A,DT_1OH0410,거주지역별 주택자산가액별 주택소유 가구수 및 주택수 현황,가구/호
64,23,인천광역시,Incheon,거주지역별,040,3~6억,주택자산 가액별,01,주택소유 가구,주택소유 현황별,87754,T001,일반 가구수 및 소유 주택수,101,2017,A,DT_1OH0410,거주지역별 주택자산가액별 주택소유 가구수 및 주택수 현황,가구/호
65,23,인천광역시,Incheon,거주지역별,040,3~6억,주택자산 가액별,02,가구소유 주택,주택소유 현황별,165443,T001,일반 가구수 및 소유 주택수,101,2017,A,DT_1OH0410,거주지역별 주택자산가액별 주택소유 가구수 및 주택수 현황,가구/호
66,23,인천광역시,Incheon,거주지역별,050,6~12억,주택자산 가액별,01,주택소유 가구,주택소유 현황별,17784,T001,일반 가구수 및 소유 주택수,101,2017,A,DT_1OH0410,거주지역별 주택자산가액별 주택소유 가구수 및 주택수 현황,가구/호
67,23,인천광역시,Incheon,거주지역별,050,6~12억,주택자산 가액별,02,가구소유 주택,주택소유 현황별,54725,T001,일반 가구수 및 소유 주택수,101,2017,A,DT_1OH0410,거주지역별 주택자산가액별 주택소유 가구수 및 주택수 현황,가구/호
68,23,인천광역시,Incheon,거주지역별,060,12억 초과,주택자산 가액별,01,주택소유 가구,주택소유 현황별,2615,T001,일반 가구수 및 소유 주택수,101,2017,A,DT_1OH0410,거주지역별 주택자산가액별 주택소유 가구수 및 주택수 현황,가구/호
69,23,인천광역시,Incheon,거주지역별,060,12억 초과,주택자산 가액별,02,가구소유 주택,주택소유 현황별,21748,T001,일반 가구수 및 소유 주택수,101,2017,A,DT_1OH0410,거주지역별 주택자산가액별 주택소유 가구수 및 주택수 현황,가구/호
70,24,광주광역시,Gwangju,거주지역별,000,총계,주택자산 가액별,01,주택소유 가구,주택소유 현황별,328263,T001,일반 가구수 및 소유 주택수,101,2017,A,DT_1OH0410,거주지역별 주택자산가액별 주택소유 가구수 및 주택수 현황,가구/호
71,24,광주광역시,Gwangju,거주지역별,000,총계,주택자산 가액별,02,가구소유 주택,주택소유 현황별,438383,T001,일반 가구수 및 소유 주택수,101,2017,A,DT_1OH0410,거주지역별 주택자산가액별 주택소유 가구수 및 주택수 현황,가구/호
72,24,광주광역시,Gwangju,거주지역별,010,0.6억이하,주택자산 가액별,01,주택소유 가구,주택소유 현황별,41122,T001,일반 가구수 및 소유 주택수,101,2017,A,DT_1OH0410,거주지역별 주택자산가액별 주택소유 가구수 및 주택수 현황,가구/호
73,24,광주광역시,Gwangju,거주지역별,010,0.6억이하,주택자산 가액별,02,가구소유 주택,주택소유 현황별,38144,T001,일반 가구수 및 소유 주택수,101,2017,A,DT_1OH0410,거주지역별 주택자산가액별 주택소유 가구수 및 주택수 현황,가구/호
74,24,광주광역시,Gwangju,거주지역별,020,0.6~1.5억,주택자산 가액별,01,주택소유 가구,주택소유 현황별,145889,T001,일반 가구수 및 소유 주택수,101,2017,A,DT_1OH0410,거주지역별 주택자산가액별 주택소유 가구수 및 주택수 현황,가구/호
75,24,광주광역시,Gwangju,거주지역별,020,0.6~1.5억,주택자산 가액별,02,가구소유 주택,주택소유 현황별,157767,T001,일반 가구수 및 소유 주택수,101,2017,A,DT_1OH0410,거주지역별 주택자산가액별 주택소유 가구수 및 주택수 현황,가구/호
76,24,광주광역시,Gwangju,거주지역별,030,1.5~3억,주택자산 가액별,01,주택소유 가구,주택소유 현황별,101254,T001,일반 가구수 및 소유 주택수,101,2017,A,DT_1OH0410,거주지역별 주택자산가액별 주택소유 가구수 및 주택수 현황,가구/호
77,24,광주광역시,Gwangju,거주지역별,030,1.5~3억,주택자산 가액별,02,가구소유 주택,주택소유 현황별,139128,T001,일반 가구수 및 소유 주택수,101,2017,A,DT_1OH0410,거주지역별 주택자산가액별 주택소유 가구수 및 주택수 현황,가구/호
78,24,광주광역시,Gwangju,거주지역별,040,3~6억,주택자산 가액별,01,주택소유 가구,주택소유 현황별,32730,T001,일반 가구수 및 소유 주택수,101,2017,A,DT_1OH0410,거주지역별 주택자산가액별 주택소유 가구수 및 주택수 현황,가구/호
79,24,광주광역시,Gwangju,거주지역별,040,3~6억,주택자산 가액별,02,가구소유 주택,주택소유 현황별,70323,T001,일반 가구수 및 소유 주택수,101,2017,A,DT_1OH0410,거주지역별 주택자산가액별 주택소유 가구수 및 주택수 현황,가구/호
80,24,광주광역시,Gwangju,거주지역별,050,6~12억,주택자산 가액별,01,주택소유 가구,주택소유 현황별,6241,T001,일반 가구수 및 소유 주택수,101,2017,A,DT_1OH0410,거주지역별 주택자산가액별 주택소유 가구수 및 주택수 현황,가구/호
81,24,광주광역시,Gwangju,거주지역별,050,6~12억,주택자산 가액별,02,가구소유 주택,주택소유 현황별,22626,T001,일반 가구수 및 소유 주택수,101,2017,A,DT_1OH0410,거주지역별 주택자산가액별 주택소유 가구수 및 주택수 현황,가구/호
82,24,광주광역시,Gwangju,거주지역별,060,12억 초과,주택자산 가액별,01,주택소유 가구,주택소유 현황별,1027,T001,일반 가구수 및 소유 주택수,101,2017,A,DT_1OH0410,거주지역별 주택자산가액별 주택소유 가구수 및 주택수 현황,가구/호
83,24,광주광역시,Gwangju,거주지역별,060,12억 초과,주택자산 가액별,02,가구소유 주택,주택소유 현황별,10394,T001,일반 가구수 및 소유 주택수,101,2017,A,DT_1OH0410,거주지역별 주택자산가액별 주택소유 가구수 및 주택수 현황,가구/호
84,25,대전광역시,Daejeon,거주지역별,000,총계,주택자산 가액별,01,주택소유 가구,주택소유 현황별,320407,T001,일반 가구수 및 소유 주택수,101,2017,A,DT_1OH0410,거주지역별 주택자산가액별 주택소유 가구수 및 주택수 현황,가구/호
85,25,대전광역시,Daejeon,거주지역별,000,총계,주택자산 가액별,02,가구소유 주택,주택소유 현황별,429619,T001,일반 가구수 및 소유 주택수,101,2017,A,DT_1OH0410,거주지역별 주택자산가액별 주택소유 가구수 및 주택수 현황,가구/호
86,25,대전광역시,Daejeon,거주지역별,010,0.6억이하,주택자산 가액별,01,주택소유 가구,주택소유 현황별,38596,T001,일반 가구수 및 소유 주택수,101,2017,A,DT_1OH0410,거주지역별 주택자산가액별 주택소유 가구수 및 주택수 현황,가구/호
87,25,대전광역시,Daejeon,거주지역별,010,0.6억이하,주택자산 가액별,02,가구소유 주택,주택소유 현황별,36678,T001,일반 가구수 및 소유 주택수,101,2017,A,DT_1OH0410,거주지역별 주택자산가액별 주택소유 가구수 및 주택수 현황,가구/호
88,25,대전광역시,Daejeon,거주지역별,020,0.6~1.5억,주택자산 가액별,01,주택소유 가구,주택소유 현황별,115432,T001,일반 가구수 및 소유 주택수,101,2017,A,DT_1OH0410,거주지역별 주택자산가액별 주택소유 가구수 및 주택수 현황,가구/호
89,25,대전광역시,Daejeon,거주지역별,020,0.6~1.5억,주택자산 가액별,02,가구소유 주택,주택소유 현황별,123946,T001,일반 가구수 및 소유 주택수,101,2017,A,DT_1OH0410,거주지역별 주택자산가액별 주택소유 가구수 및 주택수 현황,가구/호
90,25,대전광역시,Daejeon,거주지역별,030,1.5~3억,주택자산 가액별,01,주택소유 가구,주택소유 현황별,112263,T001,일반 가구수 및 소유 주택수,101,2017,A,DT_1OH0410,거주지역별 주택자산가액별 주택소유 가구수 및 주택수 현황,가구/호
91,25,대전광역시,Daejeon,거주지역별,030,1.5~3억,주택자산 가액별,02,가구소유 주택,주택소유 현황별,144653,T001,일반 가구수 및 소유 주택수,101,2017,A,DT_1OH0410,거주지역별 주택자산가액별 주택소유 가구수 및 주택수 현황,가구/호
92,25,대전광역시,Daejeon,거주지역별,040,3~6억,주택자산 가액별,01,주택소유 가구,주택소유 현황별,42101,T001,일반 가구수 및 소유 주택수,101,2017,A,DT_1OH0410,거주지역별 주택자산가액별 주택소유 가구수 및 주택수 현황,가구/호
93,25,대전광역시,Daejeon,거주지역별,040,3~6억,주택자산 가액별,02,가구소유 주택,주택소유 현황별,83318,T001,일반 가구수 및 소유 주택수,101,2017,A,DT_1OH0410,거주지역별 주택자산가액별 주택소유 가구수 및 주택수 현황,가구/호
94,25,대전광역시,Daejeon,거주지역별,050,6~12억,주택자산 가액별,01,주택소유 가구,주택소유 현황별,10554,T001,일반 가구수 및 소유 주택수,101,2017,A,DT_1OH0410,거주지역별 주택자산가액별 주택소유 가구수 및 주택수 현황,가구/호
95,25,대전광역시,Daejeon,거주지역별,050,6~12억,주택자산 가액별,02,가구소유 주택,주택소유 현황별,31092,T001,일반 가구수 및 소유 주택수,101,2017,A,DT_1OH0410,거주지역별 주택자산가액별 주택소유 가구수 및 주택수 현황,가구/호
96,25,대전광역시,Daejeon,거주지역별,060,12억 초과,주택자산 가액별,01,주택소유 가구,주택소유 현황별,1461,T001,일반 가구수 및 소유 주택수,101,2017,A,DT_1OH0410,거주지역별 주택자산가액별 주택소유 가구수 및 주택수 현황,가구/호
97,25,대전광역시,Daejeon,거주지역별,060,12억 초과,주택자산 가액별,02,가구소유 주택,주택소유 현황별,9931,T001,일반 가구수 및 소유 주택수,101,2017,A,DT_1OH0410,거주지역별 주택자산가액별 주택소유 가구수 및 주택수 현황,가구/호
98,26,울산광역시,Ulsan,거주지역별,000,총계,주택자산 가액별,01,주택소유 가구,주택소유 현황별,271099,T001,일반 가구수 및 소유 주택수,101,2017,A,DT_1OH0410,거주지역별 주택자산가액별 주택소유 가구수 및 주택수 현황,가구/호
99,26,울산광역시,Ulsan,거주지역별,000,총계,주택자산 가액별,02,가구소유 주택,주택소유 현황별,361859,T001,일반 가구수 및 소유 주택수,101,2017,A,DT_1OH0410,거주지역별 주택자산가액별 주택소유 가구수 및 주택수 현황,가구/호
100,26,울산광역시,Ulsan,거주지역별,010,0.6억이하,주택자산 가액별,01,주택소유 가구,주택소유 현황별,16831,T001,일반 가구수 및 소유 주택수,101,2017,A,DT_1OH0410,거주지역별 주택자산가액별 주택소유 가구수 및 주택수 현황,가구/호
101,26,울산광역시,Ulsan,거주지역별,010,0.6억이하,주택자산 가액별,02,가구소유 주택,주택소유 현황별,15034,T001,일반 가구수 및 소유 주택수,101,2017,A,DT_1OH0410,거주지역별 주택자산가액별 주택소유 가구수 및 주택수 현황,가구/호
102,26,울산광역시,Ulsan,거주지역별,020,0.6~1.5억,주택자산 가액별,01,주택소유 가구,주택소유 현황별,94981,T001,일반 가구수 및 소유 주택수,101,2017,A,DT_1OH0410,거주지역별 주택자산가액별 주택소유 가구수 및 주택수 현황,가구/호
103,26,울산광역시,Ulsan,거주지역별,020,0.6~1.5억,주택자산 가액별,02,가구소유 주택,주택소유 현황별,99297,T001,일반 가구수 및 소유 주택수,101,2017,A,DT_1OH0410,거주지역별 주택자산가액별 주택소유 가구수 및 주택수 현황,가구/호
104,26,울산광역시,Ulsan,거주지역별,030,1.5~3억,주택자산 가액별,01,주택소유 가구,주택소유 현황별,106735,T001,일반 가구수 및 소유 주택수,101,2017,A,DT_1OH0410,거주지역별 주택자산가액별 주택소유 가구수 및 주택수 현황,가구/호
105,26,울산광역시,Ulsan,거주지역별,030,1.5~3억,주택자산 가액별,02,가구소유 주택,주택소유 현황별,133362,T001,일반 가구수 및 소유 주택수,101,2017,A,DT_1OH0410,거주지역별 주택자산가액별 주택소유 가구수 및 주택수 현황,가구/호
106,26,울산광역시,Ulsan,거주지역별,040,3~6억,주택자산 가액별,01,주택소유 가구,주택소유 현황별,43040,T001,일반 가구수 및 소유 주택수,101,2017,A,DT_1OH0410,거주지역별 주택자산가액별 주택소유 가구수 및 주택수 현황,가구/호
107,26,울산광역시,Ulsan,거주지역별,040,3~6억,주택자산 가액별,02,가구소유 주택,주택소유 현황별,79573,T001,일반 가구수 및 소유 주택수,101,2017,A,DT_1OH0410,거주지역별 주택자산가액별 주택소유 가구수 및 주택수 현황,가구/호
108,26,울산광역시,Ulsan,거주지역별,050,6~12억,주택자산 가액별,01,주택소유 가구,주택소유 현황별,8508,T001,일반 가구수 및 소유 주택수,101,2017,A,DT_1OH0410,거주지역별 주택자산가액별 주택소유 가구수 및 주택수 현황,가구/호
109,26,울산광역시,Ulsan,거주지역별,050,6~12억,주택자산 가액별,02,가구소유 주택,주택소유 현황별,26792,T001,일반 가구수 및 소유 주택수,101,2017,A,DT_1OH0410,거주지역별 주택자산가액별 주택소유 가구수 및 주택수 현황,가구/호
110,26,울산광역시,Ulsan,거주지역별,060,12억 초과,주택자산 가액별,01,주택소유 가구,주택소유 현황별,1004,T001,일반 가구수 및 소유 주택수,101,2017,A,DT_1OH0410,거주지역별 주택자산가액별 주택소유 가구수 및 주택수 현황,가구/호
111,26,울산광역시,Ulsan,거주지역별,060,12억 초과,주택자산 가액별,02,가구소유 주택,주택소유 현황별,7800,T001,일반 가구수 및 소유 주택수,101,2017,A,DT_1OH0410,거주지역별 주택자산가액별 주택소유 가구수 및 주택수 현황,가구/호
112,29,세종특별자치시,Sejong,거주지역별,000,총계,주택자산 가액별,01,주택소유 가구,주택소유 현황별,55925,T001,일반 가구수 및 소유 주택수,101,2017,A,DT_1OH0410,거주지역별 주택자산가액별 주택소유 가구수 및 주택수 현황,가구/호
113,29,세종특별자치시,Sejong,거주지역별,000,총계,주택자산 가액별,02,가구소유 주택,주택소유 현황별,78942,T001,일반 가구수 및 소유 주택수,101,2017,A,DT_1OH0410,거주지역별 주택자산가액별 주택소유 가구수 및 주택수 현황,가구/호
114,29,세종특별자치시,Sejong,거주지역별,010,0.6억이하,주택자산 가액별,01,주택소유 가구,주택소유 현황별,5108,T001,일반 가구수 및 소유 주택수,101,2017,A,DT_1OH0410,거주지역별 주택자산가액별 주택소유 가구수 및 주택수 현황,가구/호
115,29,세종특별자치시,Sejong,거주지역별,010,0.6억이하,주택자산 가액별,02,가구소유 주택,주택소유 현황별,4628,T001,일반 가구수 및 소유 주택수,101,2017,A,DT_1OH0410,거주지역별 주택자산가액별 주택소유 가구수 및 주택수 현황,가구/호
116,29,세종특별자치시,Sejong,거주지역별,020,0.6~1.5억,주택자산 가액별,01,주택소유 가구,주택소유 현황별,11419,T001,일반 가구수 및 소유 주택수,101,2017,A,DT_1OH0410,거주지역별 주택자산가액별 주택소유 가구수 및 주택수 현황,가구/호
117,29,세종특별자치시,Sejong,거주지역별,020,0.6~1.5억,주택자산 가액별,02,가구소유 주택,주택소유 현황별,12396,T001,일반 가구수 및 소유 주택수,101,2017,A,DT_1OH0410,거주지역별 주택자산가액별 주택소유 가구수 및 주택수 현황,가구/호
118,29,세종특별자치시,Sejong,거주지역별,030,1.5~3억,주택자산 가액별,01,주택소유 가구,주택소유 현황별,22408,T001,일반 가구수 및 소유 주택수,101,2017,A,DT_1OH0410,거주지역별 주택자산가액별 주택소유 가구수 및 주택수 현황,가구/호
119,29,세종특별자치시,Sejong,거주지역별,030,1.5~3억,주택자산 가액별,02,가구소유 주택,주택소유 현황별,26337,T001,일반 가구수 및 소유 주택수,101,2017,A,DT_1OH0410,거주지역별 주택자산가액별 주택소유 가구수 및 주택수 현황,가구/호
120,29,세종특별자치시,Sejong,거주지역별,040,3~6억,주택자산 가액별,01,주택소유 가구,주택소유 현황별,13330,T001,일반 가구수 및 소유 주택수,101,2017,A,DT_1OH0410,거주지역별 주택자산가액별 주택소유 가구수 및 주택수 현황,가구/호
121,29,세종특별자치시,Sejong,거주지역별,040,3~6억,주택자산 가액별,02,가구소유 주택,주택소유 현황별,23320,T001,일반 가구수 및 소유 주택수,101,2017,A,DT_1OH0410,거주지역별 주택자산가액별 주택소유 가구수 및 주택수 현황,가구/호
122,29,세종특별자치시,Sejong,거주지역별,050,6~12억,주택자산 가액별,01,주택소유 가구,주택소유 현황별,3283,T001,일반 가구수 및 소유 주택수,101,2017,A,DT_1OH0410,거주지역별 주택자산가액별 주택소유 가구수 및 주택수 현황,가구/호
123,29,세종특별자치시,Sejong,거주지역별,050,6~12억,주택자산 가액별,02,가구소유 주택,주택소유 현황별,9581,T001,일반 가구수 및 소유 주택수,101,2017,A,DT_1OH0410,거주지역별 주택자산가액별 주택소유 가구수 및 주택수 현황,가구/호
124,29,세종특별자치시,Sejong,거주지역별,060,12억 초과,주택자산 가액별,01,주택소유 가구,주택소유 현황별,377,T001,일반 가구수 및 소유 주택수,101,2017,A,DT_1OH0410,거주지역별 주택자산가액별 주택소유 가구수 및 주택수 현황,가구/호
125,29,세종특별자치시,Sejong,거주지역별,060,12억 초과,주택자산 가액별,02,가구소유 주택,주택소유 현황별,2680,T001,일반 가구수 및 소유 주택수,101,2017,A,DT_1OH0410,거주지역별 주택자산가액별 주택소유 가구수 및 주택수 현황,가구/호
126,31,경기도,Gyeonggi-do,거주지역별,000,총계,주택자산 가액별,01,주택소유 가구,주택소유 현황별,2542649,T001,일반 가구수 및 소유 주택수,101,2017,A,DT_1OH0410,거주지역별 주택자산가액별 주택소유 가구수 및 주택수 현황,가구/호
127,31,경기도,Gyeonggi-do,거주지역별,000,총계,주택자산 가액별,02,가구소유 주택,주택소유 현황별,3440028,T001,일반 가구수 및 소유 주택수,101,2017,A,DT_1OH0410,거주지역별 주택자산가액별 주택소유 가구수 및 주택수 현황,가구/호
128,31,경기도,Gyeonggi-do,거주지역별,010,0.6억이하,주택자산 가액별,01,주택소유 가구,주택소유 현황별,169092,T001,일반 가구수 및 소유 주택수,101,2017,A,DT_1OH0410,거주지역별 주택자산가액별 주택소유 가구수 및 주택수 현황,가구/호
129,31,경기도,Gyeonggi-do,거주지역별,010,0.6억이하,주택자산 가액별,02,가구소유 주택,주택소유 현황별,149967,T001,일반 가구수 및 소유 주택수,101,2017,A,DT_1OH0410,거주지역별 주택자산가액별 주택소유 가구수 및 주택수 현황,가구/호
130,31,경기도,Gyeonggi-do,거주지역별,020,0.6~1.5억,주택자산 가액별,01,주택소유 가구,주택소유 현황별,678841,T001,일반 가구수 및 소유 주택수,101,2017,A,DT_1OH0410,거주지역별 주택자산가액별 주택소유 가구수 및 주택수 현황,가구/호
131,31,경기도,Gyeonggi-do,거주지역별,020,0.6~1.5억,주택자산 가액별,02,가구소유 주택,주택소유 현황별,699321,T001,일반 가구수 및 소유 주택수,101,2017,A,DT_1OH0410,거주지역별 주택자산가액별 주택소유 가구수 및 주택수 현황,가구/호
132,31,경기도,Gyeonggi-do,거주지역별,030,1.5~3억,주택자산 가액별,01,주택소유 가구,주택소유 현황별,966527,T001,일반 가구수 및 소유 주택수,101,2017,A,DT_1OH0410,거주지역별 주택자산가액별 주택소유 가구수 및 주택수 현황,가구/호
133,31,경기도,Gyeonggi-do,거주지역별,030,1.5~3억,주택자산 가액별,02,가구소유 주택,주택소유 현황별,1135968,T001,일반 가구수 및 소유 주택수,101,2017,A,DT_1OH0410,거주지역별 주택자산가액별 주택소유 가구수 및 주택수 현황,가구/호
134,31,경기도,Gyeonggi-do,거주지역별,040,3~6억,주택자산 가액별,01,주택소유 가구,주택소유 현황별,539202,T001,일반 가구수 및 소유 주택수,101,2017,A,DT_1OH0410,거주지역별 주택자산가액별 주택소유 가구수 및 주택수 현황,가구/호
135,31,경기도,Gyeonggi-do,거주지역별,040,3~6억,주택자산 가액별,02,가구소유 주택,주택소유 현황별,868841,T001,일반 가구수 및 소유 주택수,101,2017,A,DT_1OH0410,거주지역별 주택자산가액별 주택소유 가구수 및 주택수 현황,가구/호
136,31,경기도,Gyeonggi-do,거주지역별,050,6~12억,주택자산 가액별,01,주택소유 가구,주택소유 현황별,157076,T001,일반 가구수 및 소유 주택수,101,2017,A,DT_1OH0410,거주지역별 주택자산가액별 주택소유 가구수 및 주택수 현황,가구/호
137,31,경기도,Gyeonggi-do,거주지역별,050,6~12억,주택자산 가액별,02,가구소유 주택,주택소유 현황별,403866,T001,일반 가구수 및 소유 주택수,101,2017,A,DT_1OH0410,거주지역별 주택자산가액별 주택소유 가구수 및 주택수 현황,가구/호
138,31,경기도,Gyeonggi-do,거주지역별,060,12억 초과,주택자산 가액별,01,주택소유 가구,주택소유 현황별,31911,T001,일반 가구수 및 소유 주택수,101,2017,A,DT_1OH0410,거주지역별 주택자산가액별 주택소유 가구수 및 주택수 현황,가구/호
139,31,경기도,Gyeonggi-do,거주지역별,060,12억 초과,주택자산 가액별,02,가구소유 주택,주택소유 현황별,182065,T001,일반 가구수 및 소유 주택수,101,2017,A,DT_1OH0410,거주지역별 주택자산가액별 주택소유 가구수 및 주택수 현황,가구/호
140,32,강원도,Gangwon-do,거주지역별,000,총계,주택자산 가액별,01,주택소유 가구,주택소유 현황별,345955,T001,일반 가구수 및 소유 주택수,101,2017,A,DT_1OH0410,거주지역별 주택자산가액별 주택소유 가구수 및 주택수 현황,가구/호
141,32,강원도,Gangwon-do,거주지역별,000,총계,주택자산 가액별,02,가구소유 주택,주택소유 현황별,465606,T001,일반 가구수 및 소유 주택수,101,2017,A,DT_1OH0410,거주지역별 주택자산가액별 주택소유 가구수 및 주택수 현황,가구/호
142,32,강원도,Gangwon-do,거주지역별,010,0.6억이하,주택자산 가액별,01,주택소유 가구,주택소유 현황별,107215,T001,일반 가구수 및 소유 주택수,101,2017,A,DT_1OH0410,거주지역별 주택자산가액별 주택소유 가구수 및 주택수 현황,가구/호
143,32,강원도,Gangwon-do,거주지역별,010,0.6억이하,주택자산 가액별,02,가구소유 주택,주택소유 현황별,110283,T001,일반 가구수 및 소유 주택수,101,2017,A,DT_1OH0410,거주지역별 주택자산가액별 주택소유 가구수 및 주택수 현황,가구/호
144,32,강원도,Gangwon-do,거주지역별,020,0.6~1.5억,주택자산 가액별,01,주택소유 가구,주택소유 현황별,137927,T001,일반 가구수 및 소유 주택수,101,2017,A,DT_1OH0410,거주지역별 주택자산가액별 주택소유 가구수 및 주택수 현황,가구/호
145,32,강원도,Gangwon-do,거주지역별,020,0.6~1.5억,주택자산 가액별,02,가구소유 주택,주택소유 현황별,165421,T001,일반 가구수 및 소유 주택수,101,2017,A,DT_1OH0410,거주지역별 주택자산가액별 주택소유 가구수 및 주택수 현황,가구/호
146,32,강원도,Gangwon-do,거주지역별,030,1.5~3억,주택자산 가액별,01,주택소유 가구,주택소유 현황별,72437,T001,일반 가구수 및 소유 주택수,101,2017,A,DT_1OH0410,거주지역별 주택자산가액별 주택소유 가구수 및 주택수 현황,가구/호
147,32,강원도,Gangwon-do,거주지역별,030,1.5~3억,주택자산 가액별,02,가구소유 주택,주택소유 현황별,113378,T001,일반 가구수 및 소유 주택수,101,2017,A,DT_1OH0410,거주지역별 주택자산가액별 주택소유 가구수 및 주택수 현황,가구/호
148,32,강원도,Gangwon-do,거주지역별,040,3~6억,주택자산 가액별,01,주택소유 가구,주택소유 현황별,22181,T001,일반 가구수 및 소유 주택수,101,2017,A,DT_1OH0410,거주지역별 주택자산가액별 주택소유 가구수 및 주택수 현황,가구/호
149,32,강원도,Gangwon-do,거주지역별,040,3~6억,주택자산 가액별,02,가구소유 주택,주택소유 현황별,52175,T001,일반 가구수 및 소유 주택수,101,2017,A,DT_1OH0410,거주지역별 주택자산가액별 주택소유 가구수 및 주택수 현황,가구/호
150,32,강원도,Gangwon-do,거주지역별,050,6~12억,주택자산 가액별,01,주택소유 가구,주택소유 현황별,5196,T001,일반 가구수 및 소유 주택수,101,2017,A,DT_1OH0410,거주지역별 주택자산가액별 주택소유 가구수 및 주택수 현황,가구/호
151,32,강원도,Gangwon-do,거주지역별,050,6~12억,주택자산 가액별,02,가구소유 주택,주택소유 현황별,17383,T001,일반 가구수 및 소유 주택수,101,2017,A,DT_1OH0410,거주지역별 주택자산가액별 주택소유 가구수 및 주택수 현황,가구/호
152,32,강원도,Gangwon-do,거주지역별,060,12억 초과,주택자산 가액별,01,주택소유 가구,주택소유 현황별,999,T001,일반 가구수 및 소유 주택수,101,2017,A,DT_1OH0410,거주지역별 주택자산가액별 주택소유 가구수 및 주택수 현황,가구/호
153,32,강원도,Gangwon-do,거주지역별,060,12억 초과,주택자산 가액별,02,가구소유 주택,주택소유 현황별,6966,T001,일반 가구수 및 소유 주택수,101,2017,A,DT_1OH0410,거주지역별 주택자산가액별 주택소유 가구수 및 주택수 현황,가구/호
154,33,충청북도,Chungcheongbuk-do,거주지역별,000,총계,주택자산 가액별,01,주택소유 가구,주택소유 현황별,362726,T001,일반 가구수 및 소유 주택수,101,2017,A,DT_1OH0410,거주지역별 주택자산가액별 주택소유 가구수 및 주택수 현황,가구/호
155,33,충청북도,Chungcheongbuk-do,거주지역별,000,총계,주택자산 가액별,02,가구소유 주택,주택소유 현황별,487462,T001,일반 가구수 및 소유 주택수,101,2017,A,DT_1OH0410,거주지역별 주택자산가액별 주택소유 가구수 및 주택수 현황,가구/호
156,33,충청북도,Chungcheongbuk-do,거주지역별,010,0.6억이하,주택자산 가액별,01,주택소유 가구,주택소유 현황별,105934,T001,일반 가구수 및 소유 주택수,101,2017,A,DT_1OH0410,거주지역별 주택자산가액별 주택소유 가구수 및 주택수 현황,가구/호
157,33,충청북도,Chungcheongbuk-do,거주지역별,010,0.6억이하,주택자산 가액별,02,가구소유 주택,주택소유 현황별,106758,T001,일반 가구수 및 소유 주택수,101,2017,A,DT_1OH0410,거주지역별 주택자산가액별 주택소유 가구수 및 주택수 현황,가구/호
158,33,충청북도,Chungcheongbuk-do,거주지역별,020,0.6~1.5억,주택자산 가액별,01,주택소유 가구,주택소유 현황별,148078,T001,일반 가구수 및 소유 주택수,101,2017,A,DT_1OH0410,거주지역별 주택자산가액별 주택소유 가구수 및 주택수 현황,가구/호
159,33,충청북도,Chungcheongbuk-do,거주지역별,020,0.6~1.5억,주택자산 가액별,02,가구소유 주택,주택소유 현황별,175826,T001,일반 가구수 및 소유 주택수,101,2017,A,DT_1OH0410,거주지역별 주택자산가액별 주택소유 가구수 및 주택수 현황,가구/호
160,33,충청북도,Chungcheongbuk-do,거주지역별,030,1.5~3억,주택자산 가액별,01,주택소유 가구,주택소유 현황별,77757,T001,일반 가구수 및 소유 주택수,101,2017,A,DT_1OH0410,거주지역별 주택자산가액별 주택소유 가구수 및 주택수 현황,가구/호
161,33,충청북도,Chungcheongbuk-do,거주지역별,030,1.5~3억,주택자산 가액별,02,가구소유 주택,주택소유 현황별,121721,T001,일반 가구수 및 소유 주택수,101,2017,A,DT_1OH0410,거주지역별 주택자산가액별 주택소유 가구수 및 주택수 현황,가구/호
162,33,충청북도,Chungcheongbuk-do,거주지역별,040,3~6억,주택자산 가액별,01,주택소유 가구,주택소유 현황별,24885,T001,일반 가구수 및 소유 주택수,101,2017,A,DT_1OH0410,거주지역별 주택자산가액별 주택소유 가구수 및 주택수 현황,가구/호
163,33,충청북도,Chungcheongbuk-do,거주지역별,040,3~6억,주택자산 가액별,02,가구소유 주택,주택소유 현황별,57612,T001,일반 가구수 및 소유 주택수,101,2017,A,DT_1OH0410,거주지역별 주택자산가액별 주택소유 가구수 및 주택수 현황,가구/호
164,33,충청북도,Chungcheongbuk-do,거주지역별,050,6~12억,주택자산 가액별,01,주택소유 가구,주택소유 현황별,5201,T001,일반 가구수 및 소유 주택수,101,2017,A,DT_1OH0410,거주지역별 주택자산가액별 주택소유 가구수 및 주택수 현황,가구/호
165,33,충청북도,Chungcheongbuk-do,거주지역별,050,6~12억,주택자산 가액별,02,가구소유 주택,주택소유 현황별,18094,T001,일반 가구수 및 소유 주택수,101,2017,A,DT_1OH0410,거주지역별 주택자산가액별 주택소유 가구수 및 주택수 현황,가구/호
166,33,충청북도,Chungcheongbuk-do,거주지역별,060,12억 초과,주택자산 가액별,01,주택소유 가구,주택소유 현황별,871,T001,일반 가구수 및 소유 주택수,101,2017,A,DT_1OH0410,거주지역별 주택자산가액별 주택소유 가구수 및 주택수 현황,가구/호
167,33,충청북도,Chungcheongbuk-do,거주지역별,060,12억 초과,주택자산 가액별,02,가구소유 주택,주택소유 현황별,7451,T001,일반 가구수 및 소유 주택수,101,2017,A,DT_1OH0410,거주지역별 주택자산가액별 주택소유 가구수 및 주택수 현황,가구/호
168,34,충청남도,Chungcheongnam-do,거주지역별,000,총계,주택자산 가액별,01,주택소유 가구,주택소유 현황별,477532,T001,일반 가구수 및 소유 주택수,101,2017,A,DT_1OH0410,거주지역별 주택자산가액별 주택소유 가구수 및 주택수 현황,가구/호
169,34,충청남도,Chungcheongnam-do,거주지역별,000,총계,주택자산 가액별,02,가구소유 주택,주택소유 현황별,651886,T001,일반 가구수 및 소유 주택수,101,2017,A,DT_1OH0410,거주지역별 주택자산가액별 주택소유 가구수 및 주택수 현황,가구/호
170,34,충청남도,Chungcheongnam-do,거주지역별,010,0.6억이하,주택자산 가액별,01,주택소유 가구,주택소유 현황별,147971,T001,일반 가구수 및 소유 주택수,101,2017,A,DT_1OH0410,거주지역별 주택자산가액별 주택소유 가구수 및 주택수 현황,가구/호
171,34,충청남도,Chungcheongnam-do,거주지역별,010,0.6억이하,주택자산 가액별,02,가구소유 주택,주택소유 현황별,149947,T001,일반 가구수 및 소유 주택수,101,2017,A,DT_1OH0410,거주지역별 주택자산가액별 주택소유 가구수 및 주택수 현황,가구/호
172,34,충청남도,Chungcheongnam-do,거주지역별,020,0.6~1.5억,주택자산 가액별,01,주택소유 가구,주택소유 현황별,176472,T001,일반 가구수 및 소유 주택수,101,2017,A,DT_1OH0410,거주지역별 주택자산가액별 주택소유 가구수 및 주택수 현황,가구/호
173,34,충청남도,Chungcheongnam-do,거주지역별,020,0.6~1.5억,주택자산 가액별,02,가구소유 주택,주택소유 현황별,211727,T001,일반 가구수 및 소유 주택수,101,2017,A,DT_1OH0410,거주지역별 주택자산가액별 주택소유 가구수 및 주택수 현황,가구/호
174,34,충청남도,Chungcheongnam-do,거주지역별,030,1.5~3억,주택자산 가액별,01,주택소유 가구,주택소유 현황별,108772,T001,일반 가구수 및 소유 주택수,101,2017,A,DT_1OH0410,거주지역별 주택자산가액별 주택소유 가구수 및 주택수 현황,가구/호
175,34,충청남도,Chungcheongnam-do,거주지역별,030,1.5~3억,주택자산 가액별,02,가구소유 주택,주택소유 현황별,166794,T001,일반 가구수 및 소유 주택수,101,2017,A,DT_1OH0410,거주지역별 주택자산가액별 주택소유 가구수 및 주택수 현황,가구/호
176,34,충청남도,Chungcheongnam-do,거주지역별,040,3~6억,주택자산 가액별,01,주택소유 가구,주택소유 현황별,34733,T001,일반 가구수 및 소유 주택수,101,2017,A,DT_1OH0410,거주지역별 주택자산가액별 주택소유 가구수 및 주택수 현황,가구/호
177,34,충청남도,Chungcheongnam-do,거주지역별,040,3~6억,주택자산 가액별,02,가구소유 주택,주택소유 현황별,81343,T001,일반 가구수 및 소유 주택수,101,2017,A,DT_1OH0410,거주지역별 주택자산가액별 주택소유 가구수 및 주택수 현황,가구/호
178,34,충청남도,Chungcheongnam-do,거주지역별,050,6~12억,주택자산 가액별,01,주택소유 가구,주택소유 현황별,8139,T001,일반 가구수 및 소유 주택수,101,2017,A,DT_1OH0410,거주지역별 주택자산가액별 주택소유 가구수 및 주택수 현황,가구/호
179,34,충청남도,Chungcheongnam-do,거주지역별,050,6~12억,주택자산 가액별,02,가구소유 주택,주택소유 현황별,28815,T001,일반 가구수 및 소유 주택수,101,2017,A,DT_1OH0410,거주지역별 주택자산가액별 주택소유 가구수 및 주택수 현황,가구/호
180,34,충청남도,Chungcheongnam-do,거주지역별,060,12억 초과,주택자산 가액별,01,주택소유 가구,주택소유 현황별,1445,T001,일반 가구수 및 소유 주택수,101,2017,A,DT_1OH0410,거주지역별 주택자산가액별 주택소유 가구수 및 주택수 현황,가구/호
181,34,충청남도,Chungcheongnam-do,거주지역별,060,12억 초과,주택자산 가액별,02,가구소유 주택,주택소유 현황별,13261,T001,일반 가구수 및 소유 주택수,101,2017,A,DT_1OH0410,거주지역별 주택자산가액별 주택소유 가구수 및 주택수 현황,가구/호
182,35,전라북도,Jeollabuk-do,거주지역별,000,총계,주택자산 가액별,01,주택소유 가구,주택소유 현황별,427522,T001,일반 가구수 및 소유 주택수,101,2017,A,DT_1OH0410,거주지역별 주택자산가액별 주택소유 가구수 및 주택수 현황,가구/호
183,35,전라북도,Jeollabuk-do,거주지역별,000,총계,주택자산 가액별,02,가구소유 주택,주택소유 현황별,577922,T001,일반 가구수 및 소유 주택수,101,2017,A,DT_1OH0410,거주지역별 주택자산가액별 주택소유 가구수 및 주택수 현황,가구/호
184,35,전라북도,Jeollabuk-do,거주지역별,010,0.6억이하,주택자산 가액별,01,주택소유 가구,주택소유 현황별,161530,T001,일반 가구수 및 소유 주택수,101,2017,A,DT_1OH0410,거주지역별 주택자산가액별 주택소유 가구수 및 주택수 현황,가구/호
185,35,전라북도,Jeollabuk-do,거주지역별,010,0.6억이하,주택자산 가액별,02,가구소유 주택,주택소유 현황별,170211,T001,일반 가구수 및 소유 주택수,101,2017,A,DT_1OH0410,거주지역별 주택자산가액별 주택소유 가구수 및 주택수 현황,가구/호
186,35,전라북도,Jeollabuk-do,거주지역별,020,0.6~1.5억,주택자산 가액별,01,주택소유 가구,주택소유 현황별,157800,T001,일반 가구수 및 소유 주택수,101,2017,A,DT_1OH0410,거주지역별 주택자산가액별 주택소유 가구수 및 주택수 현황,가구/호
187,35,전라북도,Jeollabuk-do,거주지역별,020,0.6~1.5억,주택자산 가액별,02,가구소유 주택,주택소유 현황별,196196,T001,일반 가구수 및 소유 주택수,101,2017,A,DT_1OH0410,거주지역별 주택자산가액별 주택소유 가구수 및 주택수 현황,가구/호
188,35,전라북도,Jeollabuk-do,거주지역별,030,1.5~3억,주택자산 가액별,01,주택소유 가구,주택소유 현황별,78762,T001,일반 가구수 및 소유 주택수,101,2017,A,DT_1OH0410,거주지역별 주택자산가액별 주택소유 가구수 및 주택수 현황,가구/호
189,35,전라북도,Jeollabuk-do,거주지역별,030,1.5~3억,주택자산 가액별,02,가구소유 주택,주택소유 현황별,126399,T001,일반 가구수 및 소유 주택수,101,2017,A,DT_1OH0410,거주지역별 주택자산가액별 주택소유 가구수 및 주택수 현황,가구/호
190,35,전라북도,Jeollabuk-do,거주지역별,040,3~6억,주택자산 가액별,01,주택소유 가구,주택소유 현황별,23262,T001,일반 가구수 및 소유 주택수,101,2017,A,DT_1OH0410,거주지역별 주택자산가액별 주택소유 가구수 및 주택수 현황,가구/호
191,35,전라북도,Jeollabuk-do,거주지역별,040,3~6억,주택자산 가액별,02,가구소유 주택,주택소유 현황별,56835,T001,일반 가구수 및 소유 주택수,101,2017,A,DT_1OH0410,거주지역별 주택자산가액별 주택소유 가구수 및 주택수 현황,가구/호
192,35,전라북도,Jeollabuk-do,거주지역별,050,6~12억,주택자산 가액별,01,주택소유 가구,주택소유 현황별,5243,T001,일반 가구수 및 소유 주택수,101,2017,A,DT_1OH0410,거주지역별 주택자산가액별 주택소유 가구수 및 주택수 현황,가구/호
193,35,전라북도,Jeollabuk-do,거주지역별,050,6~12억,주택자산 가액별,02,가구소유 주택,주택소유 현황별,19512,T001,일반 가구수 및 소유 주택수,101,2017,A,DT_1OH0410,거주지역별 주택자산가액별 주택소유 가구수 및 주택수 현황,가구/호
194,35,전라북도,Jeollabuk-do,거주지역별,060,12억 초과,주택자산 가액별,01,주택소유 가구,주택소유 현황별,925,T001,일반 가구수 및 소유 주택수,101,2017,A,DT_1OH0410,거주지역별 주택자산가액별 주택소유 가구수 및 주택수 현황,가구/호
195,35,전라북도,Jeollabuk-do,거주지역별,060,12억 초과,주택자산 가액별,02,가구소유 주택,주택소유 현황별,8769,T001,일반 가구수 및 소유 주택수,101,2017,A,DT_1OH0410,거주지역별 주택자산가액별 주택소유 가구수 및 주택수 현황,가구/호
196,36,전라남도,Jeollanam-do,거주지역별,000,총계,주택자산 가액별,01,주택소유 가구,주택소유 현황별,435332,T001,일반 가구수 및 소유 주택수,101,2017,A,DT_1OH0410,거주지역별 주택자산가액별 주택소유 가구수 및 주택수 현황,가구/호
197,36,전라남도,Jeollanam-do,거주지역별,000,총계,주택자산 가액별,02,가구소유 주택,주택소유 현황별,583313,T001,일반 가구수 및 소유 주택수,101,2017,A,DT_1OH0410,거주지역별 주택자산가액별 주택소유 가구수 및 주택수 현황,가구/호
198,36,전라남도,Jeollanam-do,거주지역별,010,0.6억이하,주택자산 가액별,01,주택소유 가구,주택소유 현황별,213115,T001,일반 가구수 및 소유 주택수,101,2017,A,DT_1OH0410,거주지역별 주택자산가액별 주택소유 가구수 및 주택수 현황,가구/호
199,36,전라남도,Jeollanam-do,거주지역별,010,0.6억이하,주택자산 가액별,02,가구소유 주택,주택소유 현황별,231999,T001,일반 가구수 및 소유 주택수,101,2017,A,DT_1OH0410,거주지역별 주택자산가액별 주택소유 가구수 및 주택수 현황,가구/호
200,36,전라남도,Jeollanam-do,거주지역별,020,0.6~1.5억,주택자산 가액별,01,주택소유 가구,주택소유 현황별,139389,T001,일반 가구수 및 소유 주택수,101,2017,A,DT_1OH0410,거주지역별 주택자산가액별 주택소유 가구수 및 주택수 현황,가구/호
201,36,전라남도,Jeollanam-do,거주지역별,020,0.6~1.5억,주택자산 가액별,02,가구소유 주택,주택소유 현황별,185326,T001,일반 가구수 및 소유 주택수,101,2017,A,DT_1OH0410,거주지역별 주택자산가액별 주택소유 가구수 및 주택수 현황,가구/호
202,36,전라남도,Jeollanam-do,거주지역별,030,1.5~3억,주택자산 가액별,01,주택소유 가구,주택소유 현황별,62012,T001,일반 가구수 및 소유 주택수,101,2017,A,DT_1OH0410,거주지역별 주택자산가액별 주택소유 가구수 및 주택수 현황,가구/호
203,36,전라남도,Jeollanam-do,거주지역별,030,1.5~3억,주택자산 가액별,02,가구소유 주택,주택소유 현황별,105494,T001,일반 가구수 및 소유 주택수,101,2017,A,DT_1OH0410,거주지역별 주택자산가액별 주택소유 가구수 및 주택수 현황,가구/호
204,36,전라남도,Jeollanam-do,거주지역별,040,3~6억,주택자산 가액별,01,주택소유 가구,주택소유 현황별,16983,T001,일반 가구수 및 소유 주택수,101,2017,A,DT_1OH0410,거주지역별 주택자산가액별 주택소유 가구수 및 주택수 현황,가구/호
205,36,전라남도,Jeollanam-do,거주지역별,040,3~6억,주택자산 가액별,02,가구소유 주택,주택소유 현황별,42781,T001,일반 가구수 및 소유 주택수,101,2017,A,DT_1OH0410,거주지역별 주택자산가액별 주택소유 가구수 및 주택수 현황,가구/호
206,36,전라남도,Jeollanam-do,거주지역별,050,6~12억,주택자산 가액별,01,주택소유 가구,주택소유 현황별,3265,T001,일반 가구수 및 소유 주택수,101,2017,A,DT_1OH0410,거주지역별 주택자산가액별 주택소유 가구수 및 주택수 현황,가구/호
207,36,전라남도,Jeollanam-do,거주지역별,050,6~12억,주택자산 가액별,02,가구소유 주택,주택소유 현황별,12766,T001,일반 가구수 및 소유 주택수,101,2017,A,DT_1OH0410,거주지역별 주택자산가액별 주택소유 가구수 및 주택수 현황,가구/호
208,36,전라남도,Jeollanam-do,거주지역별,060,12억 초과,주택자산 가액별,01,주택소유 가구,주택소유 현황별,568,T001,일반 가구수 및 소유 주택수,101,2017,A,DT_1OH0410,거주지역별 주택자산가액별 주택소유 가구수 및 주택수 현황,가구/호
209,36,전라남도,Jeollanam-do,거주지역별,060,12억 초과,주택자산 가액별,02,가구소유 주택,주택소유 현황별,4946,T001,일반 가구수 및 소유 주택수,101,2017,A,DT_1OH0410,거주지역별 주택자산가액별 주택소유 가구수 및 주택수 현황,가구/호
210,37,경상북도,Gyeongsangbuk-do,거주지역별,000,총계,주택자산 가액별,01,주택소유 가구,주택소유 현황별,652416,T001,일반 가구수 및 소유 주택수,101,2017,A,DT_1OH0410,거주지역별 주택자산가액별 주택소유 가구수 및 주택수 현황,가구/호
211,37,경상북도,Gyeongsangbuk-do,거주지역별,000,총계,주택자산 가액별,02,가구소유 주택,주택소유 현황별,863561,T001,일반 가구수 및 소유 주택수,101,2017,A,DT_1OH0410,거주지역별 주택자산가액별 주택소유 가구수 및 주택수 현황,가구/호
212,37,경상북도,Gyeongsangbuk-do,거주지역별,010,0.6억이하,주택자산 가액별,01,주택소유 가구,주택소유 현황별,257522,T001,일반 가구수 및 소유 주택수,101,2017,A,DT_1OH0410,거주지역별 주택자산가액별 주택소유 가구수 및 주택수 현황,가구/호
213,37,경상북도,Gyeongsangbuk-do,거주지역별,010,0.6억이하,주택자산 가액별,02,가구소유 주택,주택소유 현황별,265572,T001,일반 가구수 및 소유 주택수,101,2017,A,DT_1OH0410,거주지역별 주택자산가액별 주택소유 가구수 및 주택수 현황,가구/호
214,37,경상북도,Gyeongsangbuk-do,거주지역별,020,0.6~1.5억,주택자산 가액별,01,주택소유 가구,주택소유 현황별,240628,T001,일반 가구수 및 소유 주택수,101,2017,A,DT_1OH0410,거주지역별 주택자산가액별 주택소유 가구수 및 주택수 현황,가구/호
215,37,경상북도,Gyeongsangbuk-do,거주지역별,020,0.6~1.5억,주택자산 가액별,02,가구소유 주택,주택소유 현황별,301159,T001,일반 가구수 및 소유 주택수,101,2017,A,DT_1OH0410,거주지역별 주택자산가액별 주택소유 가구수 및 주택수 현황,가구/호
216,37,경상북도,Gyeongsangbuk-do,거주지역별,030,1.5~3억,주택자산 가액별,01,주택소유 가구,주택소유 현황별,111638,T001,일반 가구수 및 소유 주택수,101,2017,A,DT_1OH0410,거주지역별 주택자산가액별 주택소유 가구수 및 주택수 현황,가구/호
217,37,경상북도,Gyeongsangbuk-do,거주지역별,030,1.5~3억,주택자산 가액별,02,가구소유 주택,주택소유 현황별,183001,T001,일반 가구수 및 소유 주택수,101,2017,A,DT_1OH0410,거주지역별 주택자산가액별 주택소유 가구수 및 주택수 현황,가구/호
218,37,경상북도,Gyeongsangbuk-do,거주지역별,040,3~6억,주택자산 가액별,01,주택소유 가구,주택소유 현황별,33819,T001,일반 가구수 및 소유 주택수,101,2017,A,DT_1OH0410,거주지역별 주택자산가액별 주택소유 가구수 및 주택수 현황,가구/호
219,37,경상북도,Gyeongsangbuk-do,거주지역별,040,3~6억,주택자산 가액별,02,가구소유 주택,주택소유 현황별,79629,T001,일반 가구수 및 소유 주택수,101,2017,A,DT_1OH0410,거주지역별 주택자산가액별 주택소유 가구수 및 주택수 현황,가구/호
220,37,경상북도,Gyeongsangbuk-do,거주지역별,050,6~12억,주택자산 가액별,01,주택소유 가구,주택소유 현황별,7645,T001,일반 가구수 및 소유 주택수,101,2017,A,DT_1OH0410,거주지역별 주택자산가액별 주택소유 가구수 및 주택수 현황,가구/호
221,37,경상북도,Gyeongsangbuk-do,거주지역별,050,6~12억,주택자산 가액별,02,가구소유 주택,주택소유 현황별,25398,T001,일반 가구수 및 소유 주택수,101,2017,A,DT_1OH0410,거주지역별 주택자산가액별 주택소유 가구수 및 주택수 현황,가구/호
222,37,경상북도,Gyeongsangbuk-do,거주지역별,060,12억 초과,주택자산 가액별,01,주택소유 가구,주택소유 현황별,1164,T001,일반 가구수 및 소유 주택수,101,2017,A,DT_1OH0410,거주지역별 주택자산가액별 주택소유 가구수 및 주택수 현황,가구/호
223,37,경상북도,Gyeongsangbuk-do,거주지역별,060,12억 초과,주택자산 가액별,02,가구소유 주택,주택소유 현황별,8802,T001,일반 가구수 및 소유 주택수,101,2017,A,DT_1OH0410,거주지역별 주택자산가액별 주택소유 가구수 및 주택수 현황,가구/호
224,38,경상남도,Gyeongsangnam-do,거주지역별,000,총계,주택자산 가액별,01,주택소유 가구,주택소유 현황별,800655,T001,일반 가구수 및 소유 주택수,101,2017,A,DT_1OH0410,거주지역별 주택자산가액별 주택소유 가구수 및 주택수 현황,가구/호
225,38,경상남도,Gyeongsangnam-do,거주지역별,000,총계,주택자산 가액별,02,가구소유 주택,주택소유 현황별,1059782,T001,일반 가구수 및 소유 주택수,101,2017,A,DT_1OH0410,거주지역별 주택자산가액별 주택소유 가구수 및 주택수 현황,가구/호
226,38,경상남도,Gyeongsangnam-do,거주지역별,010,0.6억이하,주택자산 가액별,01,주택소유 가구,주택소유 현황별,173834,T001,일반 가구수 및 소유 주택수,101,2017,A,DT_1OH0410,거주지역별 주택자산가액별 주택소유 가구수 및 주택수 현황,가구/호
227,38,경상남도,Gyeongsangnam-do,거주지역별,010,0.6억이하,주택자산 가액별,02,가구소유 주택,주택소유 현황별,172514,T001,일반 가구수 및 소유 주택수,101,2017,A,DT_1OH0410,거주지역별 주택자산가액별 주택소유 가구수 및 주택수 현황,가구/호
228,38,경상남도,Gyeongsangnam-do,거주지역별,020,0.6~1.5억,주택자산 가액별,01,주택소유 가구,주택소유 현황별,330278,T001,일반 가구수 및 소유 주택수,101,2017,A,DT_1OH0410,거주지역별 주택자산가액별 주택소유 가구수 및 주택수 현황,가구/호
229,38,경상남도,Gyeongsangnam-do,거주지역별,020,0.6~1.5억,주택자산 가액별,02,가구소유 주택,주택소유 현황별,373292,T001,일반 가구수 및 소유 주택수,101,2017,A,DT_1OH0410,거주지역별 주택자산가액별 주택소유 가구수 및 주택수 현황,가구/호
230,38,경상남도,Gyeongsangnam-do,거주지역별,030,1.5~3억,주택자산 가액별,01,주택소유 가구,주택소유 현황별,211993,T001,일반 가구수 및 소유 주택수,101,2017,A,DT_1OH0410,거주지역별 주택자산가액별 주택소유 가구수 및 주택수 현황,가구/호
231,38,경상남도,Gyeongsangnam-do,거주지역별,030,1.5~3억,주택자산 가액별,02,가구소유 주택,주택소유 현황별,304189,T001,일반 가구수 및 소유 주택수,101,2017,A,DT_1OH0410,거주지역별 주택자산가액별 주택소유 가구수 및 주택수 현황,가구/호
232,38,경상남도,Gyeongsangnam-do,거주지역별,040,3~6억,주택자산 가액별,01,주택소유 가구,주택소유 현황별,69753,T001,일반 가구수 및 소유 주택수,101,2017,A,DT_1OH0410,거주지역별 주택자산가액별 주택소유 가구수 및 주택수 현황,가구/호
233,38,경상남도,Gyeongsangnam-do,거주지역별,040,3~6억,주택자산 가액별,02,가구소유 주택,주택소유 현황별,150442,T001,일반 가구수 및 소유 주택수,101,2017,A,DT_1OH0410,거주지역별 주택자산가액별 주택소유 가구수 및 주택수 현황,가구/호
234,38,경상남도,Gyeongsangnam-do,거주지역별,050,6~12억,주택자산 가액별,01,주택소유 가구,주택소유 현황별,13087,T001,일반 가구수 및 소유 주택수,101,2017,A,DT_1OH0410,거주지역별 주택자산가액별 주택소유 가구수 및 주택수 현황,가구/호
235,38,경상남도,Gyeongsangnam-do,거주지역별,050,6~12억,주택자산 가액별,02,가구소유 주택,주택소유 현황별,45130,T001,일반 가구수 및 소유 주택수,101,2017,A,DT_1OH0410,거주지역별 주택자산가액별 주택소유 가구수 및 주택수 현황,가구/호
236,38,경상남도,Gyeongsangnam-do,거주지역별,060,12억 초과,주택자산 가액별,01,주택소유 가구,주택소유 현황별,1710,T001,일반 가구수 및 소유 주택수,101,2017,A,DT_1OH0410,거주지역별 주택자산가액별 주택소유 가구수 및 주택수 현황,가구/호
237,38,경상남도,Gyeongsangnam-do,거주지역별,060,12억 초과,주택자산 가액별,02,가구소유 주택,주택소유 현황별,14215,T001,일반 가구수 및 소유 주택수,101,2017,A,DT_1OH0410,거주지역별 주택자산가액별 주택소유 가구수 및 주택수 현황,가구/호
238,39,제주특별자치도,Jeju,거주지역별,000,총계,주택자산 가액별,01,주택소유 가구,주택소유 현황별,132246,T001,일반 가구수 및 소유 주택수,101,2017,A,DT_1OH0410,거주지역별 주택자산가액별 주택소유 가구수 및 주택수 현황,가구/호
239,39,제주특별자치도,Jeju,거주지역별,000,총계,주택자산 가액별,02,가구소유 주택,주택소유 현황별,195174,T001,일반 가구수 및 소유 주택수,101,2017,A,DT_1OH0410,거주지역별 주택자산가액별 주택소유 가구수 및 주택수 현황,가구/호
240,39,제주특별자치도,Jeju,거주지역별,010,0.6억이하,주택자산 가액별,01,주택소유 가구,주택소유 현황별,18690,T001,일반 가구수 및 소유 주택수,101,2017,A,DT_1OH0410,거주지역별 주택자산가액별 주택소유 가구수 및 주택수 현황,가구/호
241,39,제주특별자치도,Jeju,거주지역별,010,0.6억이하,주택자산 가액별,02,가구소유 주택,주택소유 현황별,16662,T001,일반 가구수 및 소유 주택수,101,2017,A,DT_1OH0410,거주지역별 주택자산가액별 주택소유 가구수 및 주택수 현황,가구/호
242,39,제주특별자치도,Jeju,거주지역별,020,0.6~1.5억,주택자산 가액별,01,주택소유 가구,주택소유 현황별,46159,T001,일반 가구수 및 소유 주택수,101,2017,A,DT_1OH0410,거주지역별 주택자산가액별 주택소유 가구수 및 주택수 현황,가구/호
243,39,제주특별자치도,Jeju,거주지역별,020,0.6~1.5억,주택자산 가액별,02,가구소유 주택,주택소유 현황별,50492,T001,일반 가구수 및 소유 주택수,101,2017,A,DT_1OH0410,거주지역별 주택자산가액별 주택소유 가구수 및 주택수 현황,가구/호
244,39,제주특별자치도,Jeju,거주지역별,030,1.5~3억,주택자산 가액별,01,주택소유 가구,주택소유 현황별,39728,T001,일반 가구수 및 소유 주택수,101,2017,A,DT_1OH0410,거주지역별 주택자산가액별 주택소유 가구수 및 주택수 현황,가구/호
245,39,제주특별자치도,Jeju,거주지역별,030,1.5~3억,주택자산 가액별,02,가구소유 주택,주택소유 현황별,55401,T001,일반 가구수 및 소유 주택수,101,2017,A,DT_1OH0410,거주지역별 주택자산가액별 주택소유 가구수 및 주택수 현황,가구/호
246,39,제주특별자치도,Jeju,거주지역별,040,3~6억,주택자산 가액별,01,주택소유 가구,주택소유 현황별,19930,T001,일반 가구수 및 소유 주택수,101,2017,A,DT_1OH0410,거주지역별 주택자산가액별 주택소유 가구수 및 주택수 현황,가구/호
247,39,제주특별자치도,Jeju,거주지역별,040,3~6억,주택자산 가액별,02,가구소유 주택,주택소유 현황별,40349,T001,일반 가구수 및 소유 주택수,101,2017,A,DT_1OH0410,거주지역별 주택자산가액별 주택소유 가구수 및 주택수 현황,가구/호
248,39,제주특별자치도,Jeju,거주지역별,050,6~12억,주택자산 가액별,01,주택소유 가구,주택소유 현황별,6287,T001,일반 가구수 및 소유 주택수,101,2017,A,DT_1OH0410,거주지역별 주택자산가액별 주택소유 가구수 및 주택수 현황,가구/호
249,39,제주특별자치도,Jeju,거주지역별,050,6~12억,주택자산 가액별,02,가구소유 주택,주택소유 현황별,20824,T001,일반 가구수 및 소유 주택수,101,2017,A,DT_1OH0410,거주지역별 주택자산가액별 주택소유 가구수 및 주택수 현황,가구/호
250,39,제주특별자치도,Jeju,거주지역별,060,12억 초과,주택자산 가액별,01,주택소유 가구,주택소유 현황별,1452,T001,일반 가구수 및 소유 주택수,101,2017,A,DT_1OH0410,거주지역별 주택자산가액별 주택소유 가구수 및 주택수 현황,가구/호
251,39,제주특별자치도,Jeju,거주지역별,060,12억 초과,주택자산 가액별,02,가구소유 주택,주택소유 현황별,11446,T001,일반 가구수 및 소유 주택수,101,2017,A,DT_1OH0410,거주지역별 주택자산가액별 주택소유 가구수 및 주택수 현황,가구/호
