,C1,C1_NM,C1_NM_ENG,C1_OBJ_NM,C2,C2_NM,C2_OBJ_NM,C3,C3_NM,C3_OBJ_NM,DT,ITM_ID,ITM_NM,ORG_ID,PRD_DE,PRD_SE,TBL_ID,TBL_NM,UNIT_NM,UNIT_NM_ENG
0,00,전국,Whole country,거주지역별,0,총계,성별,000,총계,연령대별,13669851,T001,소유자수,101,2017,A,DT_1OH0504,거주지역별 성별 연령대별 주택소유자수 현황,명,In Person
1,00,전국,Whole country,거주지역별,0,총계,성별,100,30세미만,연령대별,252676,T001,소유자수,101,2017,A,DT_1OH0504,거주지역별 성별 연령대별 주택소유자수 현황,명,In Person
2,00,전국,Whole country,거주지역별,0,총계,성별,200,30~39세,연령대별,1805119,T001,소유자수,101,2017,A,DT_1OH0504,거주지역별 성별 연령대별 주택소유자수 현황,명,In Person
3,00,전국,Whole country,거주지역별,0,총계,성별,300,40~49세,연령대별,3316590,T001,소유자수,101,2017,A,DT_1OH0504,거주지역별 성별 연령대별 주택소유자수 현황,명,In Person
4,00,전국,Whole country,거주지역별,0,총계,성별,400,50~59세,연령대별,3502715,T001,소유자수,101,2017,A,DT_1OH0504,거주지역별 성별 연령대별 주택소유자수 현황,명,In Person
5,00,전국,Whole country,거주지역별,0,총계,성별,500,60~69세,연령대별,2516893,T001,소유자수,101,2017,A,DT_1OH0504,거주지역별 성별 연령대별 주택소유자수 현황,명,In Person
6,00,전국,Whole country,거주지역별,0,총계,성별,600,70~79세,연령대별,1473092,T001,소유자수,101,2017,A,DT_1OH0504,거주지역별 성별 연령대별 주택소유자수 현황,명,In Person
7,00,전국,Whole country,거주지역별,0,총계,성별,700,80세이상,연령대별,473021,T001,소유자수,101,2017,A,DT_1OH0504,거주지역별 성별 연령대별 주택소유자수 현황,명,In Person
8,00,전국,Whole country,거주지역별,0,총계,성별,800,사망자,연령대별,329745,T001,소유자수,101,2017,A,DT_1OH0504,거주지역별 성별 연령대별 주택소유자수 현황,명,In Person
9,00,전국,Whole country,거주지역별,1,남자,성별,000,총계,연령대별,7666849,T001,소유자수,101,2017,A,DT_1OH0504,거주지역별 성별 연령대별 주택소유자수 현황,명,In Person
10,00,전국,Whole country,거주지역별,1,남자,성별,100,30세미만,연령대별,140360,T001,소유자수,101,2017,A,DT_1OH0504,거주지역별 성별 연령대별 주택소유자수 현황,명,In Person
11,00,전국,Whole country,거주지역별,1,남자,성별,200,30~39세,연령대별,1069615,T001,소유자수,101,2017,A,DT_1OH0504,거주지역별 성별 연령대별 주택소유자수 현황,명,In Person
12,00,전국,Whole country,거주지역별,1,남자,성별,300,40~49세,연령대별,1819578,T001,소유자수,101,2017,A,DT_1OH0504,거주지역별 성별 연령대별 주택소유자수 현황,명,In Person
13,00,전국,Whole country,거주지역별,1,남자,성별,400,50~59세,연령대별,1884236,T001,소유자수,101,2017,A,DT_1OH0504,거주지역별 성별 연령대별 주택소유자수 현황,명,In Person
14,00,전국,Whole country,거주지역별,1,남자,성별,500,60~69세,연령대별,1405068,T001,소유자수,101,2017,A,DT_1OH0504,거주지역별 성별 연령대별 주택소유자수 현황,명,In Person
15,00,전국,Whole country,거주지역별,1,남자,성별,600,70~79세,연령대별,822892,T001,소유자수,101,2017,A,DT_1OH0504,거주지역별 성별 연령대별 주택소유자수 현황,명,In Person
16,00,전국,Whole country,거주지역별,1,남자,성별,700,80세이상,연령대별,248717,T001,소유자수,101,2017,A,DT_1OH0504,거주지역별 성별 연령대별 주택소유자수 현황,명,In Person
17,00,전국,Whole country,거주지역별,1,남자,성별,800,사망자,연령대별,276383,T001,소유자수,101,2017,A,DT_1OH0504,거주지역별 성별 연령대별 주택소유자수 현황,명,In Person
18,00,전국,Whole country,거주지역별,2,여자,성별,000,총계,연령대별,6003002,T001,소유자수,101,2017,A,DT_1OH0504,거주지역별 성별 연령대별 주택소유자수 현황,명,In Person
19,00,전국,Whole country,거주지역별,2,여자,성별,100,30세미만,연령대별,112316,T001,소유자수,101,2017,A,DT_1OH0504,거주지역별 성별 연령대별 주택소유자수 현황,명,In Person
20,00,전국,Whole country,거주지역별,2,여자,성별,200,30~39세,연령대별,735504,T001,소유자수,101,2017,A,DT_1OH0504,거주지역별 성별 연령대별 주택소유자수 현황,명,In Person
21,00,전국,Whole country,거주지역별,2,여자,성별,300,40~49세,연령대별,1497012,T001,소유자수,101,2017,A,DT_1OH0504,거주지역별 성별 연령대별 주택소유자수 현황,명,In Person
22,00,전국,Whole country,거주지역별,2,여자,성별,400,50~59세,연령대별,1618479,T001,소유자수,101,2017,A,DT_1OH0504,거주지역별 성별 연령대별 주택소유자수 현황,명,In Person
23,00,전국,Whole country,거주지역별,2,여자,성별,500,60~69세,연령대별,1111825,T001,소유자수,101,2017,A,DT_1OH0504,거주지역별 성별 연령대별 주택소유자수 현황,명,In Person
24,00,전국,Whole country,거주지역별,2,여자,성별,600,70~79세,연령대별,650200,T001,소유자수,101,2017,A,DT_1OH0504,거주지역별 성별 연령대별 주택소유자수 현황,명,In Person
25,00,전국,Whole country,거주지역별,2,여자,성별,700,80세이상,연령대별,224304,T001,소유자수,101,2017,A,DT_1OH0504,거주지역별 성별 연령대별 주택소유자수 현황,명,In Person
26,00,전국,Whole country,거주지역별,2,여자,성별,800,사망자,연령대별,53362,T001,소유자수,101,2017,A,DT_1OH0504,거주지역별 성별 연령대별 주택소유자수 현황,명,In Person
27,11,서울특별시,Seoul,거주지역별,0,총계,성별,000,총계,연령대별,2436182,T001,소유자수,101,2017,A,DT_1OH0504,거주지역별 성별 연령대별 주택소유자수 현황,명,In Person
28,11,서울특별시,Seoul,거주지역별,0,총계,성별,100,30세미만,연령대별,47814,T001,소유자수,101,2017,A,DT_1OH0504,거주지역별 성별 연령대별 주택소유자수 현황,명,In Person
29,11,서울특별시,Seoul,거주지역별,0,총계,성별,200,30~39세,연령대별,321360,T001,소유자수,101,2017,A,DT_1OH0504,거주지역별 성별 연령대별 주택소유자수 현황,명,In Person
30,11,서울특별시,Seoul,거주지역별,0,총계,성별,300,40~49세,연령대별,587296,T001,소유자수,101,2017,A,DT_1OH0504,거주지역별 성별 연령대별 주택소유자수 현황,명,In Person
31,11,서울특별시,Seoul,거주지역별,0,총계,성별,400,50~59세,연령대별,609218,T001,소유자수,101,2017,A,DT_1OH0504,거주지역별 성별 연령대별 주택소유자수 현황,명,In Person
32,11,서울특별시,Seoul,거주지역별,0,총계,성별,500,60~69세,연령대별,483441,T001,소유자수,101,2017,A,DT_1OH0504,거주지역별 성별 연령대별 주택소유자수 현황,명,In Person
33,11,서울특별시,Seoul,거주지역별,0,총계,성별,600,70~79세,연령대별,284739,T001,소유자수,101,2017,A,DT_1OH0504,거주지역별 성별 연령대별 주택소유자수 현황,명,In Person
34,11,서울특별시,Seoul,거주지역별,0,총계,성별,700,80세이상,연령대별,81899,T001,소유자수,101,2017,A,DT_1OH0504,거주지역별 성별 연령대별 주택소유자수 현황,명,In Person
35,11,서울특별시,Seoul,거주지역별,0,총계,성별,800,사망자,연령대별,20415,T001,소유자수,101,2017,A,DT_1OH0504,거주지역별 성별 연령대별 주택소유자수 현황,명,In Person
36,11,서울특별시,Seoul,거주지역별,1,남자,성별,000,총계,연령대별,1295024,T001,소유자수,101,2017,A,DT_1OH0504,거주지역별 성별 연령대별 주택소유자수 현황,명,In Person
37,11,서울특별시,Seoul,거주지역별,1,남자,성별,100,30세미만,연령대별,24615,T001,소유자수,101,2017,A,DT_1OH0504,거주지역별 성별 연령대별 주택소유자수 현황,명,In Person
38,11,서울특별시,Seoul,거주지역별,1,남자,성별,200,30~39세,연령대별,178526,T001,소유자수,101,2017,A,DT_1OH0504,거주지역별 성별 연령대별 주택소유자수 현황,명,In Person
39,11,서울특별시,Seoul,거주지역별,1,남자,성별,300,40~49세,연령대별,310785,T001,소유자수,101,2017,A,DT_1OH0504,거주지역별 성별 연령대별 주택소유자수 현황,명,In Person
40,11,서울특별시,Seoul,거주지역별,1,남자,성별,400,50~59세,연령대별,310258,T001,소유자수,101,2017,A,DT_1OH0504,거주지역별 성별 연령대별 주택소유자수 현황,명,In Person
41,11,서울특별시,Seoul,거주지역별,1,남자,성별,500,60~69세,연령대별,258073,T001,소유자수,101,2017,A,DT_1OH0504,거주지역별 성별 연령대별 주택소유자수 현황,명,In Person
42,11,서울특별시,Seoul,거주지역별,1,남자,성별,600,70~79세,연령대별,156554,T001,소유자수,101,2017,A,DT_1OH0504,거주지역별 성별 연령대별 주택소유자수 현황,명,In Person
43,11,서울특별시,Seoul,거주지역별,1,남자,성별,700,80세이상,연령대별,41410,T001,소유자수,101,2017,A,DT_1OH0504,거주지역별 성별 연령대별 주택소유자수 현황,명,In Person
44,11,서울특별시,Seoul,거주지역별,1,남자,성별,800,사망자,연령대별,14803,T001,소유자수,101,2017,A,DT_1OH0504,거주지역별 성별 연령대별 주택소유자수 현황,명,In Person
45,11,서울특별시,Seoul,거주지역별,2,여자,성별,000,총계,연령대별,1141158,T001,소유자수,101,2017,A,DT_1OH0504,거주지역별 성별 연령대별 주택소유자수 현황,명,In Person
46,11,서울특별시,Seoul,거주지역별,2,여자,성별,100,30세미만,연령대별,23199,T001,소유자수,101,2017,A,DT_1OH0504,거주지역별 성별 연령대별 주택소유자수 현황,명,In Person
47,11,서울특별시,Seoul,거주지역별,2,여자,성별,200,30~39세,연령대별,142834,T001,소유자수,101,2017,A,DT_1OH0504,거주지역별 성별 연령대별 주택소유자수 현황,명,In Person
48,11,서울특별시,Seoul,거주지역별,2,여자,성별,300,40~49세,연령대별,276511,T001,소유자수,101,2017,A,DT_1OH0504,거주지역별 성별 연령대별 주택소유자수 현황,명,In Person
49,11,서울특별시,Seoul,거주지역별,2,여자,성별,400,50~59세,연령대별,298960,T001,소유자수,101,2017,A,DT_1OH0504,거주지역별 성별 연령대별 주택소유자수 현황,명,In Person
50,11,서울특별시,Seoul,거주지역별,2,여자,성별,500,60~69세,연령대별,225368,T001,소유자수,101,2017,A,DT_1OH0504,거주지역별 성별 연령대별 주택소유자수 현황,명,In Person
51,11,서울특별시,Seoul,거주지역별,2,여자,성별,600,70~79세,연령대별,128185,T001,소유자수,101,2017,A,DT_1OH0504,거주지역별 성별 연령대별 주택소유자수 현황,명,In Person
52,11,서울특별시,Seoul,거주지역별,2,여자,성별,700,80세이상,연령대별,40489,T001,소유자수,101,2017,A,DT_1OH0504,거주지역별 성별 연령대별 주택소유자수 현황,명,In Person
53,11,서울특별시,Seoul,거주지역별,2,여자,성별,800,사망자,연령대별,5612,T001,소유자수,101,2017,A,DT_1OH0504,거주지역별 성별 연령대별 주택소유자수 현황,명,In Person
54,21,부산광역시,Busan,거주지역별,0,총계,성별,000,총계,연령대별,973593,T001,소유자수,101,2017,A,DT_1OH0504,거주지역별 성별 연령대별 주택소유자수 현황,명,In Person
55,21,부산광역시,Busan,거주지역별,0,총계,성별,100,30세미만,연령대별,16588,T001,소유자수,101,2017,A,DT_1OH0504,거주지역별 성별 연령대별 주택소유자수 현황,명,In Person
56,21,부산광역시,Busan,거주지역별,0,총계,성별,200,30~39세,연령대별,118460,T001,소유자수,101,2017,A,DT_1OH0504,거주지역별 성별 연령대별 주택소유자수 현황,명,In Person
57,21,부산광역시,Busan,거주지역별,0,총계,성별,300,40~49세,연령대별,208817,T001,소유자수,101,2017,A,DT_1OH0504,거주지역별 성별 연령대별 주택소유자수 현황,명,In Person
58,21,부산광역시,Busan,거주지역별,0,총계,성별,400,50~59세,연령대별,252548,T001,소유자수,101,2017,A,DT_1OH0504,거주지역별 성별 연령대별 주택소유자수 현황,명,In Person
59,21,부산광역시,Busan,거주지역별,0,총계,성별,500,60~69세,연령대별,214267,T001,소유자수,101,2017,A,DT_1OH0504,거주지역별 성별 연령대별 주택소유자수 현황,명,In Person
60,21,부산광역시,Busan,거주지역별,0,총계,성별,600,70~79세,연령대별,115600,T001,소유자수,101,2017,A,DT_1OH0504,거주지역별 성별 연령대별 주택소유자수 현황,명,In Person
61,21,부산광역시,Busan,거주지역별,0,총계,성별,700,80세이상,연령대별,30924,T001,소유자수,101,2017,A,DT_1OH0504,거주지역별 성별 연령대별 주택소유자수 현황,명,In Person
62,21,부산광역시,Busan,거주지역별,0,총계,성별,800,사망자,연령대별,16389,T001,소유자수,101,2017,A,DT_1OH0504,거주지역별 성별 연령대별 주택소유자수 현황,명,In Person
63,21,부산광역시,Busan,거주지역별,1,남자,성별,000,총계,연령대별,513794,T001,소유자수,101,2017,A,DT_1OH0504,거주지역별 성별 연령대별 주택소유자수 현황,명,In Person
64,21,부산광역시,Busan,거주지역별,1,남자,성별,100,30세미만,연령대별,8943,T001,소유자수,101,2017,A,DT_1OH0504,거주지역별 성별 연령대별 주택소유자수 현황,명,In Person
65,21,부산광역시,Busan,거주지역별,1,남자,성별,200,30~39세,연령대별,67807,T001,소유자수,101,2017,A,DT_1OH0504,거주지역별 성별 연령대별 주택소유자수 현황,명,In Person
66,21,부산광역시,Busan,거주지역별,1,남자,성별,300,40~49세,연령대별,108278,T001,소유자수,101,2017,A,DT_1OH0504,거주지역별 성별 연령대별 주택소유자수 현황,명,In Person
67,21,부산광역시,Busan,거주지역별,1,남자,성별,400,50~59세,연령대별,124583,T001,소유자수,101,2017,A,DT_1OH0504,거주지역별 성별 연령대별 주택소유자수 현황,명,In Person
68,21,부산광역시,Busan,거주지역별,1,남자,성별,500,60~69세,연령대별,113463,T001,소유자수,101,2017,A,DT_1OH0504,거주지역별 성별 연령대별 주택소유자수 현황,명,In Person
69,21,부산광역시,Busan,거주지역별,1,남자,성별,600,70~79세,연령대별,62949,T001,소유자수,101,2017,A,DT_1OH0504,거주지역별 성별 연령대별 주택소유자수 현황,명,In Person
70,21,부산광역시,Busan,거주지역별,1,남자,성별,700,80세이상,연령대별,15343,T001,소유자수,101,2017,A,DT_1OH0504,거주지역별 성별 연령대별 주택소유자수 현황,명,In Person
71,21,부산광역시,Busan,거주지역별,1,남자,성별,800,사망자,연령대별,12428,T001,소유자수,101,2017,A,DT_1OH0504,거주지역별 성별 연령대별 주택소유자수 현황,명,In Person
72,21,부산광역시,Busan,거주지역별,2,여자,성별,000,총계,연령대별,459799,T001,소유자수,101,2017,A,DT_1OH0504,거주지역별 성별 연령대별 주택소유자수 현황,명,In Person
73,21,부산광역시,Busan,거주지역별,2,여자,성별,100,30세미만,연령대별,7645,T001,소유자수,101,2017,A,DT_1OH0504,거주지역별 성별 연령대별 주택소유자수 현황,명,In Person
74,21,부산광역시,Busan,거주지역별,2,여자,성별,200,30~39세,연령대별,50653,T001,소유자수,101,2017,A,DT_1OH0504,거주지역별 성별 연령대별 주택소유자수 현황,명,In Person
75,21,부산광역시,Busan,거주지역별,2,여자,성별,300,40~49세,연령대별,100539,T001,소유자수,101,2017,A,DT_1OH0504,거주지역별 성별 연령대별 주택소유자수 현황,명,In Person
76,21,부산광역시,Busan,거주지역별,2,여자,성별,400,50~59세,연령대별,127965,T001,소유자수,101,2017,A,DT_1OH0504,거주지역별 성별 연령대별 주택소유자수 현황,명,In Person
77,21,부산광역시,Busan,거주지역별,2,여자,성별,500,60~69세,연령대별,100804,T001,소유자수,101,2017,A,DT_1OH0504,거주지역별 성별 연령대별 주택소유자수 현황,명,In Person
78,21,부산광역시,Busan,거주지역별,2,여자,성별,600,70~79세,연령대별,52651,T001,소유자수,101,2017,A,DT_1OH0504,거주지역별 성별 연령대별 주택소유자수 현황,명,In Person
79,21,부산광역시,Busan,거주지역별,2,여자,성별,700,80세이상,연령대별,15581,T001,소유자수,101,2017,A,DT_1OH0504,거주지역별 성별 연령대별 주택소유자수 현황,명,In Person
80,21,부산광역시,Busan,거주지역별,2,여자,성별,800,사망자,연령대별,3961,T001,소유자수,101,2017,A,DT_1OH0504,거주지역별 성별 연령대별 주택소유자수 현황,명,In Person
81,22,대구광역시,Daegu,거주지역별,0,총계,성별,000,총계,연령대별,671684,T001,소유자수,101,2017,A,DT_1OH0504,거주지역별 성별 연령대별 주택소유자수 현황,명,In Person
82,22,대구광역시,Daegu,거주지역별,0,총계,성별,100,30세미만,연령대별,10968,T001,소유자수,101,2017,A,DT_1OH0504,거주지역별 성별 연령대별 주택소유자수 현황,명,In Person
83,22,대구광역시,Daegu,거주지역별,0,총계,성별,200,30~39세,연령대별,84329,T001,소유자수,101,2017,A,DT_1OH0504,거주지역별 성별 연령대별 주택소유자수 현황,명,In Person
84,22,대구광역시,Daegu,거주지역별,0,총계,성별,300,40~49세,연령대별,165173,T001,소유자수,101,2017,A,DT_1OH0504,거주지역별 성별 연령대별 주택소유자수 현황,명,In Person
85,22,대구광역시,Daegu,거주지역별,0,총계,성별,400,50~59세,연령대별,179524,T001,소유자수,101,2017,A,DT_1OH0504,거주지역별 성별 연령대별 주택소유자수 현황,명,In Person
86,22,대구광역시,Daegu,거주지역별,0,총계,성별,500,60~69세,연령대별,129745,T001,소유자수,101,2017,A,DT_1OH0504,거주지역별 성별 연령대별 주택소유자수 현황,명,In Person
87,22,대구광역시,Daegu,거주지역별,0,총계,성별,600,70~79세,연령대별,70855,T001,소유자수,101,2017,A,DT_1OH0504,거주지역별 성별 연령대별 주택소유자수 현황,명,In Person
88,22,대구광역시,Daegu,거주지역별,0,총계,성별,700,80세이상,연령대별,21476,T001,소유자수,101,2017,A,DT_1OH0504,거주지역별 성별 연령대별 주택소유자수 현황,명,In Person
89,22,대구광역시,Daegu,거주지역별,0,총계,성별,800,사망자,연령대별,9614,T001,소유자수,101,2017,A,DT_1OH0504,거주지역별 성별 연령대별 주택소유자수 현황,명,In Person
90,22,대구광역시,Daegu,거주지역별,1,남자,성별,000,총계,연령대별,367859,T001,소유자수,101,2017,A,DT_1OH0504,거주지역별 성별 연령대별 주택소유자수 현황,명,In Person
91,22,대구광역시,Daegu,거주지역별,1,남자,성별,100,30세미만,연령대별,6482,T001,소유자수,101,2017,A,DT_1OH0504,거주지역별 성별 연령대별 주택소유자수 현황,명,In Person
92,22,대구광역시,Daegu,거주지역별,1,남자,성별,200,30~39세,연령대별,50277,T001,소유자수,101,2017,A,DT_1OH0504,거주지역별 성별 연령대별 주택소유자수 현황,명,In Person
93,22,대구광역시,Daegu,거주지역별,1,남자,성별,300,40~49세,연령대별,88844,T001,소유자수,101,2017,A,DT_1OH0504,거주지역별 성별 연령대별 주택소유자수 현황,명,In Person
94,22,대구광역시,Daegu,거주지역별,1,남자,성별,400,50~59세,연령대별,94078,T001,소유자수,101,2017,A,DT_1OH0504,거주지역별 성별 연령대별 주택소유자수 현황,명,In Person
95,22,대구광역시,Daegu,거주지역별,1,남자,성별,500,60~69세,연령대별,70689,T001,소유자수,101,2017,A,DT_1OH0504,거주지역별 성별 연령대별 주택소유자수 현황,명,In Person
96,22,대구광역시,Daegu,거주지역별,1,남자,성별,600,70~79세,연령대별,38752,T001,소유자수,101,2017,A,DT_1OH0504,거주지역별 성별 연령대별 주택소유자수 현황,명,In Person
97,22,대구광역시,Daegu,거주지역별,1,남자,성별,700,80세이상,연령대별,11096,T001,소유자수,101,2017,A,DT_1OH0504,거주지역별 성별 연령대별 주택소유자수 현황,명,In Person
98,22,대구광역시,Daegu,거주지역별,1,남자,성별,800,사망자,연령대별,7641,T001,소유자수,101,2017,A,DT_1OH0504,거주지역별 성별 연령대별 주택소유자수 현황,명,In Person
99,22,대구광역시,Daegu,거주지역별,2,여자,성별,000,총계,연령대별,303825,T001,소유자수,101,2017,A,DT_1OH0504,거주지역별 성별 연령대별 주택소유자수 현황,명,In Person
100,22,대구광역시,Daegu,거주지역별,2,여자,성별,100,30세미만,연령대별,4486,T001,소유자수,101,2017,A,DT_1OH0504,거주지역별 성별 연령대별 주택소유자수 현황,명,In Person
101,22,대구광역시,Daegu,거주지역별,2,여자,성별,200,30~39세,연령대별,34052,T001,소유자수,101,2017,A,DT_1OH0504,거주지역별 성별 연령대별 주택소유자수 현황,명,In Person
102,22,대구광역시,Daegu,거주지역별,2,여자,성별,300,40~49세,연령대별,76329,T001,소유자수,101,2017,A,DT_1OH0504,거주지역별 성별 연령대별 주택소유자수 현황,명,In Person
103,22,대구광역시,Daegu,거주지역별,2,여자,성별,400,50~59세,연령대별,85446,T001,소유자수,101,2017,A,DT_1OH0504,거주지역별 성별 연령대별 주택소유자수 현황,명,In Person
104,22,대구광역시,Daegu,거주지역별,2,여자,성별,500,60~69세,연령대별,59056,T001,소유자수,101,2017,A,DT_1OH0504,거주지역별 성별 연령대별 주택소유자수 현황,명,In Person
105,22,대구광역시,Daegu,거주지역별,2,여자,성별,600,70~79세,연령대별,32103,T001,소유자수,101,2017,A,DT_1OH0504,거주지역별 성별 연령대별 주택소유자수 현황,명,In Person
106,22,대구광역시,Daegu,거주지역별,2,여자,성별,700,80세이상,연령대별,10380,T001,소유자수,101,2017,A,DT_1OH0504,거주지역별 성별 연령대별 주택소유자수 현황,명,In Person
107,22,대구광역시,Daegu,거주지역별,2,여자,성별,800,사망자,연령대별,1973,T001,소유자수,101,2017,A,DT_1OH0504,거주지역별 성별 연령대별 주택소유자수 현황,명,In Person
108,23,인천광역시,Incheon,거주지역별,0,총계,성별,000,총계,연령대별,763252,T001,소유자수,101,2017,A,DT_1OH0504,거주지역별 성별 연령대별 주택소유자수 현황,명,In Person
109,23,인천광역시,Incheon,거주지역별,0,총계,성별,100,30세미만,연령대별,16933,T001,소유자수,101,2017,A,DT_1OH0504,거주지역별 성별 연령대별 주택소유자수 현황,명,In Person
110,23,인천광역시,Incheon,거주지역별,0,총계,성별,200,30~39세,연령대별,112201,T001,소유자수,101,2017,A,DT_1OH0504,거주지역별 성별 연령대별 주택소유자수 현황,명,In Person
111,23,인천광역시,Incheon,거주지역별,0,총계,성별,300,40~49세,연령대별,194828,T001,소유자수,101,2017,A,DT_1OH0504,거주지역별 성별 연령대별 주택소유자수 현황,명,In Person
112,23,인천광역시,Incheon,거주지역별,0,총계,성별,400,50~59세,연령대별,212142,T001,소유자수,101,2017,A,DT_1OH0504,거주지역별 성별 연령대별 주택소유자수 현황,명,In Person
113,23,인천광역시,Incheon,거주지역별,0,총계,성별,500,60~69세,연령대별,129848,T001,소유자수,101,2017,A,DT_1OH0504,거주지역별 성별 연령대별 주택소유자수 현황,명,In Person
114,23,인천광역시,Incheon,거주지역별,0,총계,성별,600,70~79세,연령대별,68012,T001,소유자수,101,2017,A,DT_1OH0504,거주지역별 성별 연령대별 주택소유자수 현황,명,In Person
115,23,인천광역시,Incheon,거주지역별,0,총계,성별,700,80세이상,연령대별,20326,T001,소유자수,101,2017,A,DT_1OH0504,거주지역별 성별 연령대별 주택소유자수 현황,명,In Person
116,23,인천광역시,Incheon,거주지역별,0,총계,성별,800,사망자,연령대별,8962,T001,소유자수,101,2017,A,DT_1OH0504,거주지역별 성별 연령대별 주택소유자수 현황,명,In Person
117,23,인천광역시,Incheon,거주지역별,1,남자,성별,000,총계,연령대별,417893,T001,소유자수,101,2017,A,DT_1OH0504,거주지역별 성별 연령대별 주택소유자수 현황,명,In Person
118,23,인천광역시,Incheon,거주지역별,1,남자,성별,100,30세미만,연령대별,8882,T001,소유자수,101,2017,A,DT_1OH0504,거주지역별 성별 연령대별 주택소유자수 현황,명,In Person
119,23,인천광역시,Incheon,거주지역별,1,남자,성별,200,30~39세,연령대별,66904,T001,소유자수,101,2017,A,DT_1OH0504,거주지역별 성별 연령대별 주택소유자수 현황,명,In Person
120,23,인천광역시,Incheon,거주지역별,1,남자,성별,300,40~49세,연령대별,107368,T001,소유자수,101,2017,A,DT_1OH0504,거주지역별 성별 연령대별 주택소유자수 현황,명,In Person
121,23,인천광역시,Incheon,거주지역별,1,남자,성별,400,50~59세,연령대별,112254,T001,소유자수,101,2017,A,DT_1OH0504,거주지역별 성별 연령대별 주택소유자수 현황,명,In Person
122,23,인천광역시,Incheon,거주지역별,1,남자,성별,500,60~69세,연령대별,70196,T001,소유자수,101,2017,A,DT_1OH0504,거주지역별 성별 연령대별 주택소유자수 현황,명,In Person
123,23,인천광역시,Incheon,거주지역별,1,남자,성별,600,70~79세,연령대별,35700,T001,소유자수,101,2017,A,DT_1OH0504,거주지역별 성별 연령대별 주택소유자수 현황,명,In Person
124,23,인천광역시,Incheon,거주지역별,1,남자,성별,700,80세이상,연령대별,9706,T001,소유자수,101,2017,A,DT_1OH0504,거주지역별 성별 연령대별 주택소유자수 현황,명,In Person
125,23,인천광역시,Incheon,거주지역별,1,남자,성별,800,사망자,연령대별,6883,T001,소유자수,101,2017,A,DT_1OH0504,거주지역별 성별 연령대별 주택소유자수 현황,명,In Person
126,23,인천광역시,Incheon,거주지역별,2,여자,성별,000,총계,연령대별,345359,T001,소유자수,101,2017,A,DT_1OH0504,거주지역별 성별 연령대별 주택소유자수 현황,명,In Person
127,23,인천광역시,Incheon,거주지역별,2,여자,성별,100,30세미만,연령대별,8051,T001,소유자수,101,2017,A,DT_1OH0504,거주지역별 성별 연령대별 주택소유자수 현황,명,In Person
128,23,인천광역시,Incheon,거주지역별,2,여자,성별,200,30~39세,연령대별,45297,T001,소유자수,101,2017,A,DT_1OH0504,거주지역별 성별 연령대별 주택소유자수 현황,명,In Person
129,23,인천광역시,Incheon,거주지역별,2,여자,성별,300,40~49세,연령대별,87460,T001,소유자수,101,2017,A,DT_1OH0504,거주지역별 성별 연령대별 주택소유자수 현황,명,In Person
130,23,인천광역시,Incheon,거주지역별,2,여자,성별,400,50~59세,연령대별,99888,T001,소유자수,101,2017,A,DT_1OH0504,거주지역별 성별 연령대별 주택소유자수 현황,명,In Person
131,23,인천광역시,Incheon,거주지역별,2,여자,성별,500,60~69세,연령대별,59652,T001,소유자수,101,2017,A,DT_1OH0504,거주지역별 성별 연령대별 주택소유자수 현황,명,In Person
132,23,인천광역시,Incheon,거주지역별,2,여자,성별,600,70~79세,연령대별,32312,T001,소유자수,101,2017,A,DT_1OH0504,거주지역별 성별 연령대별 주택소유자수 현황,명,In Person
133,23,인천광역시,Incheon,거주지역별,2,여자,성별,700,80세이상,연령대별,10620,T001,소유자수,101,2017,A,DT_1OH0504,거주지역별 성별 연령대별 주택소유자수 현황,명,In Person
134,23,인천광역시,Incheon,거주지역별,2,여자,성별,800,사망자,연령대별,2079,T001,소유자수,101,2017,A,DT_1OH0504,거주지역별 성별 연령대별 주택소유자수 현황,명,In Person
135,24,광주광역시,Gwangju,거주지역별,0,총계,성별,000,총계,연령대별,399189,T001,소유자수,101,2017,A,DT_1OH0504,거주지역별 성별 연령대별 주택소유자수 현황,명,In Person
136,24,광주광역시,Gwangju,거주지역별,0,총계,성별,100,30세미만,연령대별,7966,T001,소유자수,101,2017,A,DT_1OH0504,거주지역별 성별 연령대별 주택소유자수 현황,명,In Person
137,24,광주광역시,Gwangju,거주지역별,0,총계,성별,200,30~39세,연령대별,57105,T001,소유자수,101,2017,A,DT_1OH0504,거주지역별 성별 연령대별 주택소유자수 현황,명,In Person
138,24,광주광역시,Gwangju,거주지역별,0,총계,성별,300,40~49세,연령대별,107398,T001,소유자수,101,2017,A,DT_1OH0504,거주지역별 성별 연령대별 주택소유자수 현황,명,In Person
139,24,광주광역시,Gwangju,거주지역별,0,총계,성별,400,50~59세,연령대별,101452,T001,소유자수,101,2017,A,DT_1OH0504,거주지역별 성별 연령대별 주택소유자수 현황,명,In Person
140,24,광주광역시,Gwangju,거주지역별,0,총계,성별,500,60~69세,연령대별,67059,T001,소유자수,101,2017,A,DT_1OH0504,거주지역별 성별 연령대별 주택소유자수 현황,명,In Person
141,24,광주광역시,Gwangju,거주지역별,0,총계,성별,600,70~79세,연령대별,40068,T001,소유자수,101,2017,A,DT_1OH0504,거주지역별 성별 연령대별 주택소유자수 현황,명,In Person
142,24,광주광역시,Gwangju,거주지역별,0,총계,성별,700,80세이상,연령대별,11884,T001,소유자수,101,2017,A,DT_1OH0504,거주지역별 성별 연령대별 주택소유자수 현황,명,In Person
143,24,광주광역시,Gwangju,거주지역별,0,총계,성별,800,사망자,연령대별,6257,T001,소유자수,101,2017,A,DT_1OH0504,거주지역별 성별 연령대별 주택소유자수 현황,명,In Person
144,24,광주광역시,Gwangju,거주지역별,1,남자,성별,000,총계,연령대별,212848,T001,소유자수,101,2017,A,DT_1OH0504,거주지역별 성별 연령대별 주택소유자수 현황,명,In Person
145,24,광주광역시,Gwangju,거주지역별,1,남자,성별,100,30세미만,연령대별,4459,T001,소유자수,101,2017,A,DT_1OH0504,거주지역별 성별 연령대별 주택소유자수 현황,명,In Person
146,24,광주광역시,Gwangju,거주지역별,1,남자,성별,200,30~39세,연령대별,33168,T001,소유자수,101,2017,A,DT_1OH0504,거주지역별 성별 연령대별 주택소유자수 현황,명,In Person
147,24,광주광역시,Gwangju,거주지역별,1,남자,성별,300,40~49세,연령대별,55154,T001,소유자수,101,2017,A,DT_1OH0504,거주지역별 성별 연령대별 주택소유자수 현황,명,In Person
148,24,광주광역시,Gwangju,거주지역별,1,남자,성별,400,50~59세,연령대별,51701,T001,소유자수,101,2017,A,DT_1OH0504,거주지역별 성별 연령대별 주택소유자수 현황,명,In Person
149,24,광주광역시,Gwangju,거주지역별,1,남자,성별,500,60~69세,연령대별,35730,T001,소유자수,101,2017,A,DT_1OH0504,거주지역별 성별 연령대별 주택소유자수 현황,명,In Person
150,24,광주광역시,Gwangju,거주지역별,1,남자,성별,600,70~79세,연령대별,21763,T001,소유자수,101,2017,A,DT_1OH0504,거주지역별 성별 연령대별 주택소유자수 현황,명,In Person
151,24,광주광역시,Gwangju,거주지역별,1,남자,성별,700,80세이상,연령대별,5918,T001,소유자수,101,2017,A,DT_1OH0504,거주지역별 성별 연령대별 주택소유자수 현황,명,In Person
152,24,광주광역시,Gwangju,거주지역별,1,남자,성별,800,사망자,연령대별,4955,T001,소유자수,101,2017,A,DT_1OH0504,거주지역별 성별 연령대별 주택소유자수 현황,명,In Person
153,24,광주광역시,Gwangju,거주지역별,2,여자,성별,000,총계,연령대별,186341,T001,소유자수,101,2017,A,DT_1OH0504,거주지역별 성별 연령대별 주택소유자수 현황,명,In Person
154,24,광주광역시,Gwangju,거주지역별,2,여자,성별,100,30세미만,연령대별,3507,T001,소유자수,101,2017,A,DT_1OH0504,거주지역별 성별 연령대별 주택소유자수 현황,명,In Person
155,24,광주광역시,Gwangju,거주지역별,2,여자,성별,200,30~39세,연령대별,23937,T001,소유자수,101,2017,A,DT_1OH0504,거주지역별 성별 연령대별 주택소유자수 현황,명,In Person
156,24,광주광역시,Gwangju,거주지역별,2,여자,성별,300,40~49세,연령대별,52244,T001,소유자수,101,2017,A,DT_1OH0504,거주지역별 성별 연령대별 주택소유자수 현황,명,In Person
157,24,광주광역시,Gwangju,거주지역별,2,여자,성별,400,50~59세,연령대별,49751,T001,소유자수,101,2017,A,DT_1OH0504,거주지역별 성별 연령대별 주택소유자수 현황,명,In Person
158,24,광주광역시,Gwangju,거주지역별,2,여자,성별,500,60~69세,연령대별,31329,T001,소유자수,101,2017,A,DT_1OH0504,거주지역별 성별 연령대별 주택소유자수 현황,명,In Person
159,24,광주광역시,Gwangju,거주지역별,2,여자,성별,600,70~79세,연령대별,18305,T001,소유자수,101,2017,A,DT_1OH0504,거주지역별 성별 연령대별 주택소유자수 현황,명,In Person
160,24,광주광역시,Gwangju,거주지역별,2,여자,성별,700,80세이상,연령대별,5966,T001,소유자수,101,2017,A,DT_1OH0504,거주지역별 성별 연령대별 주택소유자수 현황,명,In Person
161,24,광주광역시,Gwangju,거주지역별,2,여자,성별,800,사망자,연령대별,1302,T001,소유자수,101,2017,A,DT_1OH0504,거주지역별 성별 연령대별 주택소유자수 현황,명,In Person
162,25,대전광역시,Daejeon,거주지역별,0,총계,성별,000,총계,연령대별,394868,T001,소유자수,101,2017,A,DT_1OH0504,거주지역별 성별 연령대별 주택소유자수 현황,명,In Person
163,25,대전광역시,Daejeon,거주지역별,0,총계,성별,100,30세미만,연령대별,7142,T001,소유자수,101,2017,A,DT_1OH0504,거주지역별 성별 연령대별 주택소유자수 현황,명,In Person
164,25,대전광역시,Daejeon,거주지역별,0,총계,성별,200,30~39세,연령대별,52047,T001,소유자수,101,2017,A,DT_1OH0504,거주지역별 성별 연령대별 주택소유자수 현황,명,In Person
165,25,대전광역시,Daejeon,거주지역별,0,총계,성별,300,40~49세,연령대별,105453,T001,소유자수,101,2017,A,DT_1OH0504,거주지역별 성별 연령대별 주택소유자수 현황,명,In Person
166,25,대전광역시,Daejeon,거주지역별,0,총계,성별,400,50~59세,연령대별,104986,T001,소유자수,101,2017,A,DT_1OH0504,거주지역별 성별 연령대별 주택소유자수 현황,명,In Person
167,25,대전광역시,Daejeon,거주지역별,0,총계,성별,500,60~69세,연령대별,71603,T001,소유자수,101,2017,A,DT_1OH0504,거주지역별 성별 연령대별 주택소유자수 현황,명,In Person
168,25,대전광역시,Daejeon,거주지역별,0,총계,성별,600,70~79세,연령대별,37610,T001,소유자수,101,2017,A,DT_1OH0504,거주지역별 성별 연령대별 주택소유자수 현황,명,In Person
169,25,대전광역시,Daejeon,거주지역별,0,총계,성별,700,80세이상,연령대별,11834,T001,소유자수,101,2017,A,DT_1OH0504,거주지역별 성별 연령대별 주택소유자수 현황,명,In Person
170,25,대전광역시,Daejeon,거주지역별,0,총계,성별,800,사망자,연령대별,4193,T001,소유자수,101,2017,A,DT_1OH0504,거주지역별 성별 연령대별 주택소유자수 현황,명,In Person
171,25,대전광역시,Daejeon,거주지역별,1,남자,성별,000,총계,연령대별,217981,T001,소유자수,101,2017,A,DT_1OH0504,거주지역별 성별 연령대별 주택소유자수 현황,명,In Person
172,25,대전광역시,Daejeon,거주지역별,1,남자,성별,100,30세미만,연령대별,4096,T001,소유자수,101,2017,A,DT_1OH0504,거주지역별 성별 연령대별 주택소유자수 현황,명,In Person
173,25,대전광역시,Daejeon,거주지역별,1,남자,성별,200,30~39세,연령대별,30216,T001,소유자수,101,2017,A,DT_1OH0504,거주지역별 성별 연령대별 주택소유자수 현황,명,In Person
174,25,대전광역시,Daejeon,거주지역별,1,남자,성별,300,40~49세,연령대별,57063,T001,소유자수,101,2017,A,DT_1OH0504,거주지역별 성별 연령대별 주택소유자수 현황,명,In Person
175,25,대전광역시,Daejeon,거주지역별,1,남자,성별,400,50~59세,연령대별,56349,T001,소유자수,101,2017,A,DT_1OH0504,거주지역별 성별 연령대별 주택소유자수 현황,명,In Person
176,25,대전광역시,Daejeon,거주지역별,1,남자,성별,500,60~69세,연령대별,40030,T001,소유자수,101,2017,A,DT_1OH0504,거주지역별 성별 연령대별 주택소유자수 현황,명,In Person
177,25,대전광역시,Daejeon,거주지역별,1,남자,성별,600,70~79세,연령대별,20800,T001,소유자수,101,2017,A,DT_1OH0504,거주지역별 성별 연령대별 주택소유자수 현황,명,In Person
178,25,대전광역시,Daejeon,거주지역별,1,남자,성별,700,80세이상,연령대별,6132,T001,소유자수,101,2017,A,DT_1OH0504,거주지역별 성별 연령대별 주택소유자수 현황,명,In Person
179,25,대전광역시,Daejeon,거주지역별,1,남자,성별,800,사망자,연령대별,3295,T001,소유자수,101,2017,A,DT_1OH0504,거주지역별 성별 연령대별 주택소유자수 현황,명,In Person
180,25,대전광역시,Daejeon,거주지역별,2,여자,성별,000,총계,연령대별,176887,T001,소유자수,101,2017,A,DT_1OH0504,거주지역별 성별 연령대별 주택소유자수 현황,명,In Person
181,25,대전광역시,Daejeon,거주지역별,2,여자,성별,100,30세미만,연령대별,3046,T001,소유자수,101,2017,A,DT_1OH0504,거주지역별 성별 연령대별 주택소유자수 현황,명,In Person
182,25,대전광역시,Daejeon,거주지역별,2,여자,성별,200,30~39세,연령대별,21831,T001,소유자수,101,2017,A,DT_1OH0504,거주지역별 성별 연령대별 주택소유자수 현황,명,In Person
183,25,대전광역시,Daejeon,거주지역별,2,여자,성별,300,40~49세,연령대별,48390,T001,소유자수,101,2017,A,DT_1OH0504,거주지역별 성별 연령대별 주택소유자수 현황,명,In Person
184,25,대전광역시,Daejeon,거주지역별,2,여자,성별,400,50~59세,연령대별,48637,T001,소유자수,101,2017,A,DT_1OH0504,거주지역별 성별 연령대별 주택소유자수 현황,명,In Person
185,25,대전광역시,Daejeon,거주지역별,2,여자,성별,500,60~69세,연령대별,31573,T001,소유자수,101,2017,A,DT_1OH0504,거주지역별 성별 연령대별 주택소유자수 현황,명,In Person
186,25,대전광역시,Daejeon,거주지역별,2,여자,성별,600,70~79세,연령대별,16810,T001,소유자수,101,2017,A,DT_1OH0504,거주지역별 성별 연령대별 주택소유자수 현황,명,In Person
187,25,대전광역시,Daejeon,거주지역별,2,여자,성별,700,80세이상,연령대별,5702,T001,소유자수,101,2017,A,DT_1OH0504,거주지역별 성별 연령대별 주택소유자수 현황,명,In Person
188,25,대전광역시,Daejeon,거주지역별,2,여자,성별,800,사망자,연령대별,898,T001,소유자수,101,2017,A,DT_1OH0504,거주지역별 성별 연령대별 주택소유자수 현황,명,In Person
189,26,울산광역시,Ulsan,거주지역별,0,총계,성별,000,총계,연령대별,338232,T001,소유자수,101,2017,A,DT_1OH0504,거주지역별 성별 연령대별 주택소유자수 현황,명,In Person
190,26,울산광역시,Ulsan,거주지역별,0,총계,성별,100,30세미만,연령대별,6620,T001,소유자수,101,2017,A,DT_1OH0504,거주지역별 성별 연령대별 주택소유자수 현황,명,In Person
191,26,울산광역시,Ulsan,거주지역별,0,총계,성별,200,30~39세,연령대별,55865,T001,소유자수,101,2017,A,DT_1OH0504,거주지역별 성별 연령대별 주택소유자수 현황,명,In Person
192,26,울산광역시,Ulsan,거주지역별,0,총계,성별,300,40~49세,연령대별,88118,T001,소유자수,101,2017,A,DT_1OH0504,거주지역별 성별 연령대별 주택소유자수 현황,명,In Person
193,26,울산광역시,Ulsan,거주지역별,0,총계,성별,400,50~59세,연령대별,99521,T001,소유자수,101,2017,A,DT_1OH0504,거주지역별 성별 연령대별 주택소유자수 현황,명,In Person
194,26,울산광역시,Ulsan,거주지역별,0,총계,성별,500,60~69세,연령대별,56785,T001,소유자수,101,2017,A,DT_1OH0504,거주지역별 성별 연령대별 주택소유자수 현황,명,In Person
195,26,울산광역시,Ulsan,거주지역별,0,총계,성별,600,70~79세,연령대별,22455,T001,소유자수,101,2017,A,DT_1OH0504,거주지역별 성별 연령대별 주택소유자수 현황,명,In Person
196,26,울산광역시,Ulsan,거주지역별,0,총계,성별,700,80세이상,연령대별,5251,T001,소유자수,101,2017,A,DT_1OH0504,거주지역별 성별 연령대별 주택소유자수 현황,명,In Person
197,26,울산광역시,Ulsan,거주지역별,0,총계,성별,800,사망자,연령대별,3617,T001,소유자수,101,2017,A,DT_1OH0504,거주지역별 성별 연령대별 주택소유자수 현황,명,In Person
198,26,울산광역시,Ulsan,거주지역별,1,남자,성별,000,총계,연령대별,202151,T001,소유자수,101,2017,A,DT_1OH0504,거주지역별 성별 연령대별 주택소유자수 현황,명,In Person
199,26,울산광역시,Ulsan,거주지역별,1,남자,성별,100,30세미만,연령대별,4200,T001,소유자수,101,2017,A,DT_1OH0504,거주지역별 성별 연령대별 주택소유자수 현황,명,In Person
200,26,울산광역시,Ulsan,거주지역별,1,남자,성별,200,30~39세,연령대별,36496,T001,소유자수,101,2017,A,DT_1OH0504,거주지역별 성별 연령대별 주택소유자수 현황,명,In Person
201,26,울산광역시,Ulsan,거주지역별,1,남자,성별,300,40~49세,연령대별,50689,T001,소유자수,101,2017,A,DT_1OH0504,거주지역별 성별 연령대별 주택소유자수 현황,명,In Person
202,26,울산광역시,Ulsan,거주지역별,1,남자,성별,400,50~59세,연령대별,58482,T001,소유자수,101,2017,A,DT_1OH0504,거주지역별 성별 연령대별 주택소유자수 현황,명,In Person
203,26,울산광역시,Ulsan,거주지역별,1,남자,성별,500,60~69세,연령대별,33937,T001,소유자수,101,2017,A,DT_1OH0504,거주지역별 성별 연령대별 주택소유자수 현황,명,In Person
204,26,울산광역시,Ulsan,거주지역별,1,남자,성별,600,70~79세,연령대별,12875,T001,소유자수,101,2017,A,DT_1OH0504,거주지역별 성별 연령대별 주택소유자수 현황,명,In Person
205,26,울산광역시,Ulsan,거주지역별,1,남자,성별,700,80세이상,연령대별,2632,T001,소유자수,101,2017,A,DT_1OH0504,거주지역별 성별 연령대별 주택소유자수 현황,명,In Person
206,26,울산광역시,Ulsan,거주지역별,1,남자,성별,800,사망자,연령대별,2840,T001,소유자수,101,2017,A,DT_1OH0504,거주지역별 성별 연령대별 주택소유자수 현황,명,In Person
207,26,울산광역시,Ulsan,거주지역별,2,여자,성별,000,총계,연령대별,136081,T001,소유자수,101,2017,A,DT_1OH0504,거주지역별 성별 연령대별 주택소유자수 현황,명,In Person
208,26,울산광역시,Ulsan,거주지역별,2,여자,성별,100,30세미만,연령대별,2420,T001,소유자수,101,2017,A,DT_1OH0504,거주지역별 성별 연령대별 주택소유자수 현황,명,In Person
209,26,울산광역시,Ulsan,거주지역별,2,여자,성별,200,30~39세,연령대별,19369,T001,소유자수,101,2017,A,DT_1OH0504,거주지역별 성별 연령대별 주택소유자수 현황,명,In Person
210,26,울산광역시,Ulsan,거주지역별,2,여자,성별,300,40~49세,연령대별,37429,T001,소유자수,101,2017,A,DT_1OH0504,거주지역별 성별 연령대별 주택소유자수 현황,명,In Person
211,26,울산광역시,Ulsan,거주지역별,2,여자,성별,400,50~59세,연령대별,41039,T001,소유자수,101,2017,A,DT_1OH0504,거주지역별 성별 연령대별 주택소유자수 현황,명,In Person
212,26,울산광역시,Ulsan,거주지역별,2,여자,성별,500,60~69세,연령대별,22848,T001,소유자수,101,2017,A,DT_1OH0504,거주지역별 성별 연령대별 주택소유자수 현황,명,In Person
213,26,울산광역시,Ulsan,거주지역별,2,여자,성별,600,70~79세,연령대별,9580,T001,소유자수,101,2017,A,DT_1OH0504,거주지역별 성별 연령대별 주택소유자수 현황,명,In Person
214,26,울산광역시,Ulsan,거주지역별,2,여자,성별,700,80세이상,연령대별,2619,T001,소유자수,101,2017,A,DT_1OH0504,거주지역별 성별 연령대별 주택소유자수 현황,명,In Person
215,26,울산광역시,Ulsan,거주지역별,2,여자,성별,800,사망자,연령대별,777,T001,소유자수,101,2017,A,DT_1OH0504,거주지역별 성별 연령대별 주택소유자수 현황,명,In Person
216,29,세종특별자치시,Sejong,거주지역별,0,총계,성별,000,총계,연령대별,69759,T001,소유자수,101,2017,A,DT_1OH0504,거주지역별 성별 연령대별 주택소유자수 현황,명,In Person
217,29,세종특별자치시,Sejong,거주지역별,0,총계,성별,100,30세미만,연령대별,1358,T001,소유자수,101,2017,A,DT_1OH0504,거주지역별 성별 연령대별 주택소유자수 현황,명,In Person
218,29,세종특별자치시,Sejong,거주지역별,0,총계,성별,200,30~39세,연령대별,15073,T001,소유자수,101,2017,A,DT_1OH0504,거주지역별 성별 연령대별 주택소유자수 현황,명,In Person
219,29,세종특별자치시,Sejong,거주지역별,0,총계,성별,300,40~49세,연령대별,22006,T001,소유자수,101,2017,A,DT_1OH0504,거주지역별 성별 연령대별 주택소유자수 현황,명,In Person
220,29,세종특별자치시,Sejong,거주지역별,0,총계,성별,400,50~59세,연령대별,14480,T001,소유자수,101,2017,A,DT_1OH0504,거주지역별 성별 연령대별 주택소유자수 현황,명,In Person
221,29,세종특별자치시,Sejong,거주지역별,0,총계,성별,500,60~69세,연령대별,9177,T001,소유자수,101,2017,A,DT_1OH0504,거주지역별 성별 연령대별 주택소유자수 현황,명,In Person
222,29,세종특별자치시,Sejong,거주지역별,0,총계,성별,600,70~79세,연령대별,4656,T001,소유자수,101,2017,A,DT_1OH0504,거주지역별 성별 연령대별 주택소유자수 현황,명,In Person
223,29,세종특별자치시,Sejong,거주지역별,0,총계,성별,700,80세이상,연령대별,1645,T001,소유자수,101,2017,A,DT_1OH0504,거주지역별 성별 연령대별 주택소유자수 현황,명,In Person
224,29,세종특별자치시,Sejong,거주지역별,0,총계,성별,800,사망자,연령대별,1364,T001,소유자수,101,2017,A,DT_1OH0504,거주지역별 성별 연령대별 주택소유자수 현황,명,In Person
225,29,세종특별자치시,Sejong,거주지역별,1,남자,성별,000,총계,연령대별,40737,T001,소유자수,101,2017,A,DT_1OH0504,거주지역별 성별 연령대별 주택소유자수 현황,명,In Person
226,29,세종특별자치시,Sejong,거주지역별,1,남자,성별,100,30세미만,연령대별,751,T001,소유자수,101,2017,A,DT_1OH0504,거주지역별 성별 연령대별 주택소유자수 현황,명,In Person
227,29,세종특별자치시,Sejong,거주지역별,1,남자,성별,200,30~39세,연령대별,8753,T001,소유자수,101,2017,A,DT_1OH0504,거주지역별 성별 연령대별 주택소유자수 현황,명,In Person
228,29,세종특별자치시,Sejong,거주지역별,1,남자,성별,300,40~49세,연령대별,13042,T001,소유자수,101,2017,A,DT_1OH0504,거주지역별 성별 연령대별 주택소유자수 현황,명,In Person
229,29,세종특별자치시,Sejong,거주지역별,1,남자,성별,400,50~59세,연령대별,8099,T001,소유자수,101,2017,A,DT_1OH0504,거주지역별 성별 연령대별 주택소유자수 현황,명,In Person
230,29,세종특별자치시,Sejong,거주지역별,1,남자,성별,500,60~69세,연령대별,5205,T001,소유자수,101,2017,A,DT_1OH0504,거주지역별 성별 연령대별 주택소유자수 현황,명,In Person
231,29,세종특별자치시,Sejong,거주지역별,1,남자,성별,600,70~79세,연령대별,2742,T001,소유자수,101,2017,A,DT_1OH0504,거주지역별 성별 연령대별 주택소유자수 현황,명,In Person
232,29,세종특별자치시,Sejong,거주지역별,1,남자,성별,700,80세이상,연령대별,947,T001,소유자수,101,2017,A,DT_1OH0504,거주지역별 성별 연령대별 주택소유자수 현황,명,In Person
233,29,세종특별자치시,Sejong,거주지역별,1,남자,성별,800,사망자,연령대별,1198,T001,소유자수,101,2017,A,DT_1OH0504,거주지역별 성별 연령대별 주택소유자수 현황,명,In Person
234,29,세종특별자치시,Sejong,거주지역별,2,여자,성별,000,총계,연령대별,29022,T001,소유자수,101,2017,A,DT_1OH0504,거주지역별 성별 연령대별 주택소유자수 현황,명,In Person
235,29,세종특별자치시,Sejong,거주지역별,2,여자,성별,100,30세미만,연령대별,607,T001,소유자수,101,2017,A,DT_1OH0504,거주지역별 성별 연령대별 주택소유자수 현황,명,In Person
236,29,세종특별자치시,Sejong,거주지역별,2,여자,성별,200,30~39세,연령대별,6320,T001,소유자수,101,2017,A,DT_1OH0504,거주지역별 성별 연령대별 주택소유자수 현황,명,In Person
237,29,세종특별자치시,Sejong,거주지역별,2,여자,성별,300,40~49세,연령대별,8964,T001,소유자수,101,2017,A,DT_1OH0504,거주지역별 성별 연령대별 주택소유자수 현황,명,In Person
238,29,세종특별자치시,Sejong,거주지역별,2,여자,성별,400,50~59세,연령대별,6381,T001,소유자수,101,2017,A,DT_1OH0504,거주지역별 성별 연령대별 주택소유자수 현황,명,In Person
239,29,세종특별자치시,Sejong,거주지역별,2,여자,성별,500,60~69세,연령대별,3972,T001,소유자수,101,2017,A,DT_1OH0504,거주지역별 성별 연령대별 주택소유자수 현황,명,In Person
240,29,세종특별자치시,Sejong,거주지역별,2,여자,성별,600,70~79세,연령대별,1914,T001,소유자수,101,2017,A,DT_1OH0504,거주지역별 성별 연령대별 주택소유자수 현황,명,In Person
241,29,세종특별자치시,Sejong,거주지역별,2,여자,성별,700,80세이상,연령대별,698,T001,소유자수,101,2017,A,DT_1OH0504,거주지역별 성별 연령대별 주택소유자수 현황,명,In Person
242,29,세종특별자치시,Sejong,거주지역별,2,여자,성별,800,사망자,연령대별,166,T001,소유자수,101,2017,A,DT_1OH0504,거주지역별 성별 연령대별 주택소유자수 현황,명,In Person
243,31,경기도,Gyeonggi-do,거주지역별,0,총계,성별,000,총계,연령대별,3169606,T001,소유자수,101,2017,A,DT_1OH0504,거주지역별 성별 연령대별 주택소유자수 현황,명,In Person
244,31,경기도,Gyeonggi-do,거주지역별,0,총계,성별,100,30세미만,연령대별,60698,T001,소유자수,101,2017,A,DT_1OH0504,거주지역별 성별 연령대별 주택소유자수 현황,명,In Person
245,31,경기도,Gyeonggi-do,거주지역별,0,총계,성별,200,30~39세,연령대별,465594,T001,소유자수,101,2017,A,DT_1OH0504,거주지역별 성별 연령대별 주택소유자수 현황,명,In Person
246,31,경기도,Gyeonggi-do,거주지역별,0,총계,성별,300,40~49세,연령대별,884609,T001,소유자수,101,2017,A,DT_1OH0504,거주지역별 성별 연령대별 주택소유자수 현황,명,In Person
247,31,경기도,Gyeonggi-do,거주지역별,0,총계,성별,400,50~59세,연령대별,850350,T001,소유자수,101,2017,A,DT_1OH0504,거주지역별 성별 연령대별 주택소유자수 현황,명,In Person
248,31,경기도,Gyeonggi-do,거주지역별,0,총계,성별,500,60~69세,연령대별,508833,T001,소유자수,101,2017,A,DT_1OH0504,거주지역별 성별 연령대별 주택소유자수 현황,명,In Person
249,31,경기도,Gyeonggi-do,거주지역별,0,총계,성별,600,70~79세,연령대별,280421,T001,소유자수,101,2017,A,DT_1OH0504,거주지역별 성별 연령대별 주택소유자수 현황,명,In Person
250,31,경기도,Gyeonggi-do,거주지역별,0,총계,성별,700,80세이상,연령대별,86868,T001,소유자수,101,2017,A,DT_1OH0504,거주지역별 성별 연령대별 주택소유자수 현황,명,In Person
251,31,경기도,Gyeonggi-do,거주지역별,0,총계,성별,800,사망자,연령대별,32233,T001,소유자수,101,2017,A,DT_1OH0504,거주지역별 성별 연령대별 주택소유자수 현황,명,In Person
252,31,경기도,Gyeonggi-do,거주지역별,1,남자,성별,000,총계,연령대별,1760672,T001,소유자수,101,2017,A,DT_1OH0504,거주지역별 성별 연령대별 주택소유자수 현황,명,In Person
253,31,경기도,Gyeonggi-do,거주지역별,1,남자,성별,100,30세미만,연령대별,32656,T001,소유자수,101,2017,A,DT_1OH0504,거주지역별 성별 연령대별 주택소유자수 현황,명,In Person
254,31,경기도,Gyeonggi-do,거주지역별,1,남자,성별,200,30~39세,연령대별,274381,T001,소유자수,101,2017,A,DT_1OH0504,거주지역별 성별 연령대별 주택소유자수 현황,명,In Person
255,31,경기도,Gyeonggi-do,거주지역별,1,남자,성별,300,40~49세,연령대별,493345,T001,소유자수,101,2017,A,DT_1OH0504,거주지역별 성별 연령대별 주택소유자수 현황,명,In Person
256,31,경기도,Gyeonggi-do,거주지역별,1,남자,성별,400,50~59세,연령대별,463564,T001,소유자수,101,2017,A,DT_1OH0504,거주지역별 성별 연령대별 주택소유자수 현황,명,In Person
257,31,경기도,Gyeonggi-do,거주지역별,1,남자,성별,500,60~69세,연령대별,278603,T001,소유자수,101,2017,A,DT_1OH0504,거주지역별 성별 연령대별 주택소유자수 현황,명,In Person
258,31,경기도,Gyeonggi-do,거주지역별,1,남자,성별,600,70~79세,연령대별,149268,T001,소유자수,101,2017,A,DT_1OH0504,거주지역별 성별 연령대별 주택소유자수 현황,명,In Person
259,31,경기도,Gyeonggi-do,거주지역별,1,남자,성별,700,80세이상,연령대별,43941,T001,소유자수,101,2017,A,DT_1OH0504,거주지역별 성별 연령대별 주택소유자수 현황,명,In Person
260,31,경기도,Gyeonggi-do,거주지역별,1,남자,성별,800,사망자,연령대별,24914,T001,소유자수,101,2017,A,DT_1OH0504,거주지역별 성별 연령대별 주택소유자수 현황,명,In Person
261,31,경기도,Gyeonggi-do,거주지역별,2,여자,성별,000,총계,연령대별,1408934,T001,소유자수,101,2017,A,DT_1OH0504,거주지역별 성별 연령대별 주택소유자수 현황,명,In Person
262,31,경기도,Gyeonggi-do,거주지역별,2,여자,성별,100,30세미만,연령대별,28042,T001,소유자수,101,2017,A,DT_1OH0504,거주지역별 성별 연령대별 주택소유자수 현황,명,In Person
263,31,경기도,Gyeonggi-do,거주지역별,2,여자,성별,200,30~39세,연령대별,191213,T001,소유자수,101,2017,A,DT_1OH0504,거주지역별 성별 연령대별 주택소유자수 현황,명,In Person
264,31,경기도,Gyeonggi-do,거주지역별,2,여자,성별,300,40~49세,연령대별,391264,T001,소유자수,101,2017,A,DT_1OH0504,거주지역별 성별 연령대별 주택소유자수 현황,명,In Person
265,31,경기도,Gyeonggi-do,거주지역별,2,여자,성별,400,50~59세,연령대별,386786,T001,소유자수,101,2017,A,DT_1OH0504,거주지역별 성별 연령대별 주택소유자수 현황,명,In Person
266,31,경기도,Gyeonggi-do,거주지역별,2,여자,성별,500,60~69세,연령대별,230230,T001,소유자수,101,2017,A,DT_1OH0504,거주지역별 성별 연령대별 주택소유자수 현황,명,In Person
267,31,경기도,Gyeonggi-do,거주지역별,2,여자,성별,600,70~79세,연령대별,131153,T001,소유자수,101,2017,A,DT_1OH0504,거주지역별 성별 연령대별 주택소유자수 현황,명,In Person
268,31,경기도,Gyeonggi-do,거주지역별,2,여자,성별,700,80세이상,연령대별,42927,T001,소유자수,101,2017,A,DT_1OH0504,거주지역별 성별 연령대별 주택소유자수 현황,명,In Person
269,31,경기도,Gyeonggi-do,거주지역별,2,여자,성별,800,사망자,연령대별,7319,T001,소유자수,101,2017,A,DT_1OH0504,거주지역별 성별 연령대별 주택소유자수 현황,명,In Person
270,32,강원도,Gangwon-do,거주지역별,0,총계,성별,000,총계,연령대별,416492,T001,소유자수,101,2017,A,DT_1OH0504,거주지역별 성별 연령대별 주택소유자수 현황,명,In Person
271,32,강원도,Gangwon-do,거주지역별,0,총계,성별,100,30세미만,연령대별,7078,T001,소유자수,101,2017,A,DT_1OH0504,거주지역별 성별 연령대별 주택소유자수 현황,명,In Person
272,32,강원도,Gangwon-do,거주지역별,0,총계,성별,200,30~39세,연령대별,40809,T001,소유자수,101,2017,A,DT_1OH0504,거주지역별 성별 연령대별 주택소유자수 현황,명,In Person
273,32,강원도,Gangwon-do,거주지역별,0,총계,성별,300,40~49세,연령대별,85455,T001,소유자수,101,2017,A,DT_1OH0504,거주지역별 성별 연령대별 주택소유자수 현황,명,In Person
274,32,강원도,Gangwon-do,거주지역별,0,총계,성별,400,50~59세,연령대별,107196,T001,소유자수,101,2017,A,DT_1OH0504,거주지역별 성별 연령대별 주택소유자수 현황,명,In Person
275,32,강원도,Gangwon-do,거주지역별,0,총계,성별,500,60~69세,연령대별,86022,T001,소유자수,101,2017,A,DT_1OH0504,거주지역별 성별 연령대별 주택소유자수 현황,명,In Person
276,32,강원도,Gangwon-do,거주지역별,0,총계,성별,600,70~79세,연령대별,58470,T001,소유자수,101,2017,A,DT_1OH0504,거주지역별 성별 연령대별 주택소유자수 현황,명,In Person
277,32,강원도,Gangwon-do,거주지역별,0,총계,성별,700,80세이상,연령대별,18292,T001,소유자수,101,2017,A,DT_1OH0504,거주지역별 성별 연령대별 주택소유자수 현황,명,In Person
278,32,강원도,Gangwon-do,거주지역별,0,총계,성별,800,사망자,연령대별,13170,T001,소유자수,101,2017,A,DT_1OH0504,거주지역별 성별 연령대별 주택소유자수 현황,명,In Person
279,32,강원도,Gangwon-do,거주지역별,1,남자,성별,000,총계,연령대별,239480,T001,소유자수,101,2017,A,DT_1OH0504,거주지역별 성별 연령대별 주택소유자수 현황,명,In Person
280,32,강원도,Gangwon-do,거주지역별,1,남자,성별,100,30세미만,연령대별,4270,T001,소유자수,101,2017,A,DT_1OH0504,거주지역별 성별 연령대별 주택소유자수 현황,명,In Person
281,32,강원도,Gangwon-do,거주지역별,1,남자,성별,200,30~39세,연령대별,24112,T001,소유자수,101,2017,A,DT_1OH0504,거주지역별 성별 연령대별 주택소유자수 현황,명,In Person
282,32,강원도,Gangwon-do,거주지역별,1,남자,성별,300,40~49세,연령대별,47214,T001,소유자수,101,2017,A,DT_1OH0504,거주지역별 성별 연령대별 주택소유자수 현황,명,In Person
283,32,강원도,Gangwon-do,거주지역별,1,남자,성별,400,50~59세,연령대별,59107,T001,소유자수,101,2017,A,DT_1OH0504,거주지역별 성별 연령대별 주택소유자수 현황,명,In Person
284,32,강원도,Gangwon-do,거주지역별,1,남자,성별,500,60~69세,연령대별,49631,T001,소유자수,101,2017,A,DT_1OH0504,거주지역별 성별 연령대별 주택소유자수 현황,명,In Person
285,32,강원도,Gangwon-do,거주지역별,1,남자,성별,600,70~79세,연령대별,33765,T001,소유자수,101,2017,A,DT_1OH0504,거주지역별 성별 연령대별 주택소유자수 현황,명,In Person
286,32,강원도,Gangwon-do,거주지역별,1,남자,성별,700,80세이상,연령대별,10006,T001,소유자수,101,2017,A,DT_1OH0504,거주지역별 성별 연령대별 주택소유자수 현황,명,In Person
287,32,강원도,Gangwon-do,거주지역별,1,남자,성별,800,사망자,연령대별,11375,T001,소유자수,101,2017,A,DT_1OH0504,거주지역별 성별 연령대별 주택소유자수 현황,명,In Person
288,32,강원도,Gangwon-do,거주지역별,2,여자,성별,000,총계,연령대별,177012,T001,소유자수,101,2017,A,DT_1OH0504,거주지역별 성별 연령대별 주택소유자수 현황,명,In Person
289,32,강원도,Gangwon-do,거주지역별,2,여자,성별,100,30세미만,연령대별,2808,T001,소유자수,101,2017,A,DT_1OH0504,거주지역별 성별 연령대별 주택소유자수 현황,명,In Person
290,32,강원도,Gangwon-do,거주지역별,2,여자,성별,200,30~39세,연령대별,16697,T001,소유자수,101,2017,A,DT_1OH0504,거주지역별 성별 연령대별 주택소유자수 현황,명,In Person
291,32,강원도,Gangwon-do,거주지역별,2,여자,성별,300,40~49세,연령대별,38241,T001,소유자수,101,2017,A,DT_1OH0504,거주지역별 성별 연령대별 주택소유자수 현황,명,In Person
292,32,강원도,Gangwon-do,거주지역별,2,여자,성별,400,50~59세,연령대별,48089,T001,소유자수,101,2017,A,DT_1OH0504,거주지역별 성별 연령대별 주택소유자수 현황,명,In Person
293,32,강원도,Gangwon-do,거주지역별,2,여자,성별,500,60~69세,연령대별,36391,T001,소유자수,101,2017,A,DT_1OH0504,거주지역별 성별 연령대별 주택소유자수 현황,명,In Person
294,32,강원도,Gangwon-do,거주지역별,2,여자,성별,600,70~79세,연령대별,24705,T001,소유자수,101,2017,A,DT_1OH0504,거주지역별 성별 연령대별 주택소유자수 현황,명,In Person
295,32,강원도,Gangwon-do,거주지역별,2,여자,성별,700,80세이상,연령대별,8286,T001,소유자수,101,2017,A,DT_1OH0504,거주지역별 성별 연령대별 주택소유자수 현황,명,In Person
296,32,강원도,Gangwon-do,거주지역별,2,여자,성별,800,사망자,연령대별,1795,T001,소유자수,101,2017,A,DT_1OH0504,거주지역별 성별 연령대별 주택소유자수 현황,명,In Person
297,33,충청북도,Chungcheongbuk-do,거주지역별,0,총계,성별,000,총계,연령대별,441796,T001,소유자수,101,2017,A,DT_1OH0504,거주지역별 성별 연령대별 주택소유자수 현황,명,In Person
298,33,충청북도,Chungcheongbuk-do,거주지역별,0,총계,성별,100,30세미만,연령대별,7929,T001,소유자수,101,2017,A,DT_1OH0504,거주지역별 성별 연령대별 주택소유자수 현황,명,In Person
299,33,충청북도,Chungcheongbuk-do,거주지역별,0,총계,성별,200,30~39세,연령대별,53726,T001,소유자수,101,2017,A,DT_1OH0504,거주지역별 성별 연령대별 주택소유자수 현황,명,In Person
300,33,충청북도,Chungcheongbuk-do,거주지역별,0,총계,성별,300,40~49세,연령대별,99499,T001,소유자수,101,2017,A,DT_1OH0504,거주지역별 성별 연령대별 주택소유자수 현황,명,In Person
301,33,충청북도,Chungcheongbuk-do,거주지역별,0,총계,성별,400,50~59세,연령대별,112553,T001,소유자수,101,2017,A,DT_1OH0504,거주지역별 성별 연령대별 주택소유자수 현황,명,In Person
302,33,충청북도,Chungcheongbuk-do,거주지역별,0,총계,성별,500,60~69세,연령대별,83781,T001,소유자수,101,2017,A,DT_1OH0504,거주지역별 성별 연령대별 주택소유자수 현황,명,In Person
303,33,충청북도,Chungcheongbuk-do,거주지역별,0,총계,성별,600,70~79세,연령대별,50509,T001,소유자수,101,2017,A,DT_1OH0504,거주지역별 성별 연령대별 주택소유자수 현황,명,In Person
304,33,충청북도,Chungcheongbuk-do,거주지역별,0,총계,성별,700,80세이상,연령대별,17219,T001,소유자수,101,2017,A,DT_1OH0504,거주지역별 성별 연령대별 주택소유자수 현황,명,In Person
305,33,충청북도,Chungcheongbuk-do,거주지역별,0,총계,성별,800,사망자,연령대별,16580,T001,소유자수,101,2017,A,DT_1OH0504,거주지역별 성별 연령대별 주택소유자수 현황,명,In Person
306,33,충청북도,Chungcheongbuk-do,거주지역별,1,남자,성별,000,총계,연령대별,259881,T001,소유자수,101,2017,A,DT_1OH0504,거주지역별 성별 연령대별 주택소유자수 현황,명,In Person
307,33,충청북도,Chungcheongbuk-do,거주지역별,1,남자,성별,100,30세미만,연령대별,4728,T001,소유자수,101,2017,A,DT_1OH0504,거주지역별 성별 연령대별 주택소유자수 현황,명,In Person
308,33,충청북도,Chungcheongbuk-do,거주지역별,1,남자,성별,200,30~39세,연령대별,32964,T001,소유자수,101,2017,A,DT_1OH0504,거주지역별 성별 연령대별 주택소유자수 현황,명,In Person
309,33,충청북도,Chungcheongbuk-do,거주지역별,1,남자,성별,300,40~49세,연령대별,55534,T001,소유자수,101,2017,A,DT_1OH0504,거주지역별 성별 연령대별 주택소유자수 현황,명,In Person
310,33,충청북도,Chungcheongbuk-do,거주지역별,1,남자,성별,400,50~59세,연령대별,62952,T001,소유자수,101,2017,A,DT_1OH0504,거주지역별 성별 연령대별 주택소유자수 현황,명,In Person
311,33,충청북도,Chungcheongbuk-do,거주지역별,1,남자,성별,500,60~69세,연령대별,49138,T001,소유자수,101,2017,A,DT_1OH0504,거주지역별 성별 연령대별 주택소유자수 현황,명,In Person
312,33,충청북도,Chungcheongbuk-do,거주지역별,1,남자,성별,600,70~79세,연령대별,29912,T001,소유자수,101,2017,A,DT_1OH0504,거주지역별 성별 연령대별 주택소유자수 현황,명,In Person
313,33,충청북도,Chungcheongbuk-do,거주지역별,1,남자,성별,700,80세이상,연령대별,9903,T001,소유자수,101,2017,A,DT_1OH0504,거주지역별 성별 연령대별 주택소유자수 현황,명,In Person
314,33,충청북도,Chungcheongbuk-do,거주지역별,1,남자,성별,800,사망자,연령대별,14750,T001,소유자수,101,2017,A,DT_1OH0504,거주지역별 성별 연령대별 주택소유자수 현황,명,In Person
315,33,충청북도,Chungcheongbuk-do,거주지역별,2,여자,성별,000,총계,연령대별,181915,T001,소유자수,101,2017,A,DT_1OH0504,거주지역별 성별 연령대별 주택소유자수 현황,명,In Person
316,33,충청북도,Chungcheongbuk-do,거주지역별,2,여자,성별,100,30세미만,연령대별,3201,T001,소유자수,101,2017,A,DT_1OH0504,거주지역별 성별 연령대별 주택소유자수 현황,명,In Person
317,33,충청북도,Chungcheongbuk-do,거주지역별,2,여자,성별,200,30~39세,연령대별,20762,T001,소유자수,101,2017,A,DT_1OH0504,거주지역별 성별 연령대별 주택소유자수 현황,명,In Person
318,33,충청북도,Chungcheongbuk-do,거주지역별,2,여자,성별,300,40~49세,연령대별,43965,T001,소유자수,101,2017,A,DT_1OH0504,거주지역별 성별 연령대별 주택소유자수 현황,명,In Person
319,33,충청북도,Chungcheongbuk-do,거주지역별,2,여자,성별,400,50~59세,연령대별,49601,T001,소유자수,101,2017,A,DT_1OH0504,거주지역별 성별 연령대별 주택소유자수 현황,명,In Person
320,33,충청북도,Chungcheongbuk-do,거주지역별,2,여자,성별,500,60~69세,연령대별,34643,T001,소유자수,101,2017,A,DT_1OH0504,거주지역별 성별 연령대별 주택소유자수 현황,명,In Person
321,33,충청북도,Chungcheongbuk-do,거주지역별,2,여자,성별,600,70~79세,연령대별,20597,T001,소유자수,101,2017,A,DT_1OH0504,거주지역별 성별 연령대별 주택소유자수 현황,명,In Person
322,33,충청북도,Chungcheongbuk-do,거주지역별,2,여자,성별,700,80세이상,연령대별,7316,T001,소유자수,101,2017,A,DT_1OH0504,거주지역별 성별 연령대별 주택소유자수 현황,명,In Person
323,33,충청북도,Chungcheongbuk-do,거주지역별,2,여자,성별,800,사망자,연령대별,1830,T001,소유자수,101,2017,A,DT_1OH0504,거주지역별 성별 연령대별 주택소유자수 현황,명,In Person
324,34,충청남도,Chungcheongnam-do,거주지역별,0,총계,성별,000,총계,연령대별,583830,T001,소유자수,101,2017,A,DT_1OH0504,거주지역별 성별 연령대별 주택소유자수 현황,명,In Person
325,34,충청남도,Chungcheongnam-do,거주지역별,0,총계,성별,100,30세미만,연령대별,12211,T001,소유자수,101,2017,A,DT_1OH0504,거주지역별 성별 연령대별 주택소유자수 현황,명,In Person
326,34,충청남도,Chungcheongnam-do,거주지역별,0,총계,성별,200,30~39세,연령대별,81758,T001,소유자수,101,2017,A,DT_1OH0504,거주지역별 성별 연령대별 주택소유자수 현황,명,In Person
327,34,충청남도,Chungcheongnam-do,거주지역별,0,총계,성별,300,40~49세,연령대별,129937,T001,소유자수,101,2017,A,DT_1OH0504,거주지역별 성별 연령대별 주택소유자수 현황,명,In Person
328,34,충청남도,Chungcheongnam-do,거주지역별,0,총계,성별,400,50~59세,연령대별,133135,T001,소유자수,101,2017,A,DT_1OH0504,거주지역별 성별 연령대별 주택소유자수 현황,명,In Person
329,34,충청남도,Chungcheongnam-do,거주지역별,0,총계,성별,500,60~69세,연령대별,104125,T001,소유자수,101,2017,A,DT_1OH0504,거주지역별 성별 연령대별 주택소유자수 현황,명,In Person
330,34,충청남도,Chungcheongnam-do,거주지역별,0,총계,성별,600,70~79세,연령대별,69053,T001,소유자수,101,2017,A,DT_1OH0504,거주지역별 성별 연령대별 주택소유자수 현황,명,In Person
331,34,충청남도,Chungcheongnam-do,거주지역별,0,총계,성별,700,80세이상,연령대별,28819,T001,소유자수,101,2017,A,DT_1OH0504,거주지역별 성별 연령대별 주택소유자수 현황,명,In Person
332,34,충청남도,Chungcheongnam-do,거주지역별,0,총계,성별,800,사망자,연령대별,24792,T001,소유자수,101,2017,A,DT_1OH0504,거주지역별 성별 연령대별 주택소유자수 현황,명,In Person
333,34,충청남도,Chungcheongnam-do,거주지역별,1,남자,성별,000,총계,연령대별,353700,T001,소유자수,101,2017,A,DT_1OH0504,거주지역별 성별 연령대별 주택소유자수 현황,명,In Person
334,34,충청남도,Chungcheongnam-do,거주지역별,1,남자,성별,100,30세미만,연령대별,6908,T001,소유자수,101,2017,A,DT_1OH0504,거주지역별 성별 연령대별 주택소유자수 현황,명,In Person
335,34,충청남도,Chungcheongnam-do,거주지역별,1,남자,성별,200,30~39세,연령대별,52178,T001,소유자수,101,2017,A,DT_1OH0504,거주지역별 성별 연령대별 주택소유자수 현황,명,In Person
336,34,충청남도,Chungcheongnam-do,거주지역별,1,남자,성별,300,40~49세,연령대별,75622,T001,소유자수,101,2017,A,DT_1OH0504,거주지역별 성별 연령대별 주택소유자수 현황,명,In Person
337,34,충청남도,Chungcheongnam-do,거주지역별,1,남자,성별,400,50~59세,연령대별,75901,T001,소유자수,101,2017,A,DT_1OH0504,거주지역별 성별 연령대별 주택소유자수 현황,명,In Person
338,34,충청남도,Chungcheongnam-do,거주지역별,1,남자,성별,500,60~69세,연령대별,62414,T001,소유자수,101,2017,A,DT_1OH0504,거주지역별 성별 연령대별 주택소유자수 현황,명,In Person
339,34,충청남도,Chungcheongnam-do,거주지역별,1,남자,성별,600,70~79세,연령대별,41756,T001,소유자수,101,2017,A,DT_1OH0504,거주지역별 성별 연령대별 주택소유자수 현황,명,In Person
340,34,충청남도,Chungcheongnam-do,거주지역별,1,남자,성별,700,80세이상,연령대별,16934,T001,소유자수,101,2017,A,DT_1OH0504,거주지역별 성별 연령대별 주택소유자수 현황,명,In Person
341,34,충청남도,Chungcheongnam-do,거주지역별,1,남자,성별,800,사망자,연령대별,21987,T001,소유자수,101,2017,A,DT_1OH0504,거주지역별 성별 연령대별 주택소유자수 현황,명,In Person
342,34,충청남도,Chungcheongnam-do,거주지역별,2,여자,성별,000,총계,연령대별,230130,T001,소유자수,101,2017,A,DT_1OH0504,거주지역별 성별 연령대별 주택소유자수 현황,명,In Person
343,34,충청남도,Chungcheongnam-do,거주지역별,2,여자,성별,100,30세미만,연령대별,5303,T001,소유자수,101,2017,A,DT_1OH0504,거주지역별 성별 연령대별 주택소유자수 현황,명,In Person
344,34,충청남도,Chungcheongnam-do,거주지역별,2,여자,성별,200,30~39세,연령대별,29580,T001,소유자수,101,2017,A,DT_1OH0504,거주지역별 성별 연령대별 주택소유자수 현황,명,In Person
345,34,충청남도,Chungcheongnam-do,거주지역별,2,여자,성별,300,40~49세,연령대별,54315,T001,소유자수,101,2017,A,DT_1OH0504,거주지역별 성별 연령대별 주택소유자수 현황,명,In Person
346,34,충청남도,Chungcheongnam-do,거주지역별,2,여자,성별,400,50~59세,연령대별,57234,T001,소유자수,101,2017,A,DT_1OH0504,거주지역별 성별 연령대별 주택소유자수 현황,명,In Person
347,34,충청남도,Chungcheongnam-do,거주지역별,2,여자,성별,500,60~69세,연령대별,41711,T001,소유자수,101,2017,A,DT_1OH0504,거주지역별 성별 연령대별 주택소유자수 현황,명,In Person
348,34,충청남도,Chungcheongnam-do,거주지역별,2,여자,성별,600,70~79세,연령대별,27297,T001,소유자수,101,2017,A,DT_1OH0504,거주지역별 성별 연령대별 주택소유자수 현황,명,In Person
349,34,충청남도,Chungcheongnam-do,거주지역별,2,여자,성별,700,80세이상,연령대별,11885,T001,소유자수,101,2017,A,DT_1OH0504,거주지역별 성별 연령대별 주택소유자수 현황,명,In Person
350,34,충청남도,Chungcheongnam-do,거주지역별,2,여자,성별,800,사망자,연령대별,2805,T001,소유자수,101,2017,A,DT_1OH0504,거주지역별 성별 연령대별 주택소유자수 현황,명,In Person
351,35,전라북도,Jeollabuk-do,거주지역별,0,총계,성별,000,총계,연령대별,519633,T001,소유자수,101,2017,A,DT_1OH0504,거주지역별 성별 연령대별 주택소유자수 현황,명,In Person
352,35,전라북도,Jeollabuk-do,거주지역별,0,총계,성별,100,30세미만,연령대별,8694,T001,소유자수,101,2017,A,DT_1OH0504,거주지역별 성별 연령대별 주택소유자수 현황,명,In Person
353,35,전라북도,Jeollabuk-do,거주지역별,0,총계,성별,200,30~39세,연령대별,53677,T001,소유자수,101,2017,A,DT_1OH0504,거주지역별 성별 연령대별 주택소유자수 현황,명,In Person
354,35,전라북도,Jeollabuk-do,거주지역별,0,총계,성별,300,40~49세,연령대별,109347,T001,소유자수,101,2017,A,DT_1OH0504,거주지역별 성별 연령대별 주택소유자수 현황,명,In Person
355,35,전라북도,Jeollabuk-do,거주지역별,0,총계,성별,400,50~59세,연령대별,121451,T001,소유자수,101,2017,A,DT_1OH0504,거주지역별 성별 연령대별 주택소유자수 현황,명,In Person
356,35,전라북도,Jeollabuk-do,거주지역별,0,총계,성별,500,60~69세,연령대별,100860,T001,소유자수,101,2017,A,DT_1OH0504,거주지역별 성별 연령대별 주택소유자수 현황,명,In Person
357,35,전라북도,Jeollabuk-do,거주지역별,0,총계,성별,600,70~79세,연령대별,70958,T001,소유자수,101,2017,A,DT_1OH0504,거주지역별 성별 연령대별 주택소유자수 현황,명,In Person
358,35,전라북도,Jeollabuk-do,거주지역별,0,총계,성별,700,80세이상,연령대별,27654,T001,소유자수,101,2017,A,DT_1OH0504,거주지역별 성별 연령대별 주택소유자수 현황,명,In Person
359,35,전라북도,Jeollabuk-do,거주지역별,0,총계,성별,800,사망자,연령대별,26992,T001,소유자수,101,2017,A,DT_1OH0504,거주지역별 성별 연령대별 주택소유자수 현황,명,In Person
360,35,전라북도,Jeollabuk-do,거주지역별,1,남자,성별,000,총계,연령대별,298674,T001,소유자수,101,2017,A,DT_1OH0504,거주지역별 성별 연령대별 주택소유자수 현황,명,In Person
361,35,전라북도,Jeollabuk-do,거주지역별,1,남자,성별,100,30세미만,연령대별,5074,T001,소유자수,101,2017,A,DT_1OH0504,거주지역별 성별 연령대별 주택소유자수 현황,명,In Person
362,35,전라북도,Jeollabuk-do,거주지역별,1,남자,성별,200,30~39세,연령대별,32256,T001,소유자수,101,2017,A,DT_1OH0504,거주지역별 성별 연령대별 주택소유자수 현황,명,In Person
363,35,전라북도,Jeollabuk-do,거주지역별,1,남자,성별,300,40~49세,연령대별,59322,T001,소유자수,101,2017,A,DT_1OH0504,거주지역별 성별 연령대별 주택소유자수 현황,명,In Person
364,35,전라북도,Jeollabuk-do,거주지역별,1,남자,성별,400,50~59세,연령대별,64950,T001,소유자수,101,2017,A,DT_1OH0504,거주지역별 성별 연령대별 주택소유자수 현황,명,In Person
365,35,전라북도,Jeollabuk-do,거주지역별,1,남자,성별,500,60~69세,연령대별,57802,T001,소유자수,101,2017,A,DT_1OH0504,거주지역별 성별 연령대별 주택소유자수 현황,명,In Person
366,35,전라북도,Jeollabuk-do,거주지역별,1,남자,성별,600,70~79세,연령대별,40943,T001,소유자수,101,2017,A,DT_1OH0504,거주지역별 성별 연령대별 주택소유자수 현황,명,In Person
367,35,전라북도,Jeollabuk-do,거주지역별,1,남자,성별,700,80세이상,연령대별,15114,T001,소유자수,101,2017,A,DT_1OH0504,거주지역별 성별 연령대별 주택소유자수 현황,명,In Person
368,35,전라북도,Jeollabuk-do,거주지역별,1,남자,성별,800,사망자,연령대별,23213,T001,소유자수,101,2017,A,DT_1OH0504,거주지역별 성별 연령대별 주택소유자수 현황,명,In Person
369,35,전라북도,Jeollabuk-do,거주지역별,2,여자,성별,000,총계,연령대별,220959,T001,소유자수,101,2017,A,DT_1OH0504,거주지역별 성별 연령대별 주택소유자수 현황,명,In Person
370,35,전라북도,Jeollabuk-do,거주지역별,2,여자,성별,100,30세미만,연령대별,3620,T001,소유자수,101,2017,A,DT_1OH0504,거주지역별 성별 연령대별 주택소유자수 현황,명,In Person
371,35,전라북도,Jeollabuk-do,거주지역별,2,여자,성별,200,30~39세,연령대별,21421,T001,소유자수,101,2017,A,DT_1OH0504,거주지역별 성별 연령대별 주택소유자수 현황,명,In Person
372,35,전라북도,Jeollabuk-do,거주지역별,2,여자,성별,300,40~49세,연령대별,50025,T001,소유자수,101,2017,A,DT_1OH0504,거주지역별 성별 연령대별 주택소유자수 현황,명,In Person
373,35,전라북도,Jeollabuk-do,거주지역별,2,여자,성별,400,50~59세,연령대별,56501,T001,소유자수,101,2017,A,DT_1OH0504,거주지역별 성별 연령대별 주택소유자수 현황,명,In Person
374,35,전라북도,Jeollabuk-do,거주지역별,2,여자,성별,500,60~69세,연령대별,43058,T001,소유자수,101,2017,A,DT_1OH0504,거주지역별 성별 연령대별 주택소유자수 현황,명,In Person
375,35,전라북도,Jeollabuk-do,거주지역별,2,여자,성별,600,70~79세,연령대별,30015,T001,소유자수,101,2017,A,DT_1OH0504,거주지역별 성별 연령대별 주택소유자수 현황,명,In Person
376,35,전라북도,Jeollabuk-do,거주지역별,2,여자,성별,700,80세이상,연령대별,12540,T001,소유자수,101,2017,A,DT_1OH0504,거주지역별 성별 연령대별 주택소유자수 현황,명,In Person
377,35,전라북도,Jeollabuk-do,거주지역별,2,여자,성별,800,사망자,연령대별,3779,T001,소유자수,101,2017,A,DT_1OH0504,거주지역별 성별 연령대별 주택소유자수 현황,명,In Person
378,36,전라남도,Jeollanam-do,거주지역별,0,총계,성별,000,총계,연령대별,537573,T001,소유자수,101,2017,A,DT_1OH0504,거주지역별 성별 연령대별 주택소유자수 현황,명,In Person
379,36,전라남도,Jeollanam-do,거주지역별,0,총계,성별,100,30세미만,연령대별,8217,T001,소유자수,101,2017,A,DT_1OH0504,거주지역별 성별 연령대별 주택소유자수 현황,명,In Person
380,36,전라남도,Jeollanam-do,거주지역별,0,총계,성별,200,30~39세,연령대별,50749,T001,소유자수,101,2017,A,DT_1OH0504,거주지역별 성별 연령대별 주택소유자수 현황,명,In Person
381,36,전라남도,Jeollanam-do,거주지역별,0,총계,성별,300,40~49세,연령대별,95284,T001,소유자수,101,2017,A,DT_1OH0504,거주지역별 성별 연령대별 주택소유자수 현황,명,In Person
382,36,전라남도,Jeollanam-do,거주지역별,0,총계,성별,400,50~59세,연령대별,120746,T001,소유자수,101,2017,A,DT_1OH0504,거주지역별 성별 연령대별 주택소유자수 현황,명,In Person
383,36,전라남도,Jeollanam-do,거주지역별,0,총계,성별,500,60~69세,연령대별,102882,T001,소유자수,101,2017,A,DT_1OH0504,거주지역별 성별 연령대별 주택소유자수 현황,명,In Person
384,36,전라남도,Jeollanam-do,거주지역별,0,총계,성별,600,70~79세,연령대별,81358,T001,소유자수,101,2017,A,DT_1OH0504,거주지역별 성별 연령대별 주택소유자수 현황,명,In Person
385,36,전라남도,Jeollanam-do,거주지역별,0,총계,성별,700,80세이상,연령대별,30879,T001,소유자수,101,2017,A,DT_1OH0504,거주지역별 성별 연령대별 주택소유자수 현황,명,In Person
386,36,전라남도,Jeollanam-do,거주지역별,0,총계,성별,800,사망자,연령대별,47458,T001,소유자수,101,2017,A,DT_1OH0504,거주지역별 성별 연령대별 주택소유자수 현황,명,In Person
387,36,전라남도,Jeollanam-do,거주지역별,1,남자,성별,000,총계,연령대별,326020,T001,소유자수,101,2017,A,DT_1OH0504,거주지역별 성별 연령대별 주택소유자수 현황,명,In Person
388,36,전라남도,Jeollanam-do,거주지역별,1,남자,성별,100,30세미만,연령대별,4900,T001,소유자수,101,2017,A,DT_1OH0504,거주지역별 성별 연령대별 주택소유자수 현황,명,In Person
389,36,전라남도,Jeollanam-do,거주지역별,1,남자,성별,200,30~39세,연령대별,31154,T001,소유자수,101,2017,A,DT_1OH0504,거주지역별 성별 연령대별 주택소유자수 현황,명,In Person
390,36,전라남도,Jeollanam-do,거주지역별,1,남자,성별,300,40~49세,연령대별,53181,T001,소유자수,101,2017,A,DT_1OH0504,거주지역별 성별 연령대별 주택소유자수 현황,명,In Person
391,36,전라남도,Jeollanam-do,거주지역별,1,남자,성별,400,50~59세,연령대별,68503,T001,소유자수,101,2017,A,DT_1OH0504,거주지역별 성별 연령대별 주택소유자수 현황,명,In Person
392,36,전라남도,Jeollanam-do,거주지역별,1,남자,성별,500,60~69세,연령대별,61899,T001,소유자수,101,2017,A,DT_1OH0504,거주지역별 성별 연령대별 주택소유자수 현황,명,In Person
393,36,전라남도,Jeollanam-do,거주지역별,1,남자,성별,600,70~79세,연령대별,48064,T001,소유자수,101,2017,A,DT_1OH0504,거주지역별 성별 연령대별 주택소유자수 현황,명,In Person
394,36,전라남도,Jeollanam-do,거주지역별,1,남자,성별,700,80세이상,연령대별,16841,T001,소유자수,101,2017,A,DT_1OH0504,거주지역별 성별 연령대별 주택소유자수 현황,명,In Person
395,36,전라남도,Jeollanam-do,거주지역별,1,남자,성별,800,사망자,연령대별,41478,T001,소유자수,101,2017,A,DT_1OH0504,거주지역별 성별 연령대별 주택소유자수 현황,명,In Person
396,36,전라남도,Jeollanam-do,거주지역별,2,여자,성별,000,총계,연령대별,211553,T001,소유자수,101,2017,A,DT_1OH0504,거주지역별 성별 연령대별 주택소유자수 현황,명,In Person
397,36,전라남도,Jeollanam-do,거주지역별,2,여자,성별,100,30세미만,연령대별,3317,T001,소유자수,101,2017,A,DT_1OH0504,거주지역별 성별 연령대별 주택소유자수 현황,명,In Person
398,36,전라남도,Jeollanam-do,거주지역별,2,여자,성별,200,30~39세,연령대별,19595,T001,소유자수,101,2017,A,DT_1OH0504,거주지역별 성별 연령대별 주택소유자수 현황,명,In Person
399,36,전라남도,Jeollanam-do,거주지역별,2,여자,성별,300,40~49세,연령대별,42103,T001,소유자수,101,2017,A,DT_1OH0504,거주지역별 성별 연령대별 주택소유자수 현황,명,In Person
400,36,전라남도,Jeollanam-do,거주지역별,2,여자,성별,400,50~59세,연령대별,52243,T001,소유자수,101,2017,A,DT_1OH0504,거주지역별 성별 연령대별 주택소유자수 현황,명,In Person
401,36,전라남도,Jeollanam-do,거주지역별,2,여자,성별,500,60~69세,연령대별,40983,T001,소유자수,101,2017,A,DT_1OH0504,거주지역별 성별 연령대별 주택소유자수 현황,명,In Person
402,36,전라남도,Jeollanam-do,거주지역별,2,여자,성별,600,70~79세,연령대별,33294,T001,소유자수,101,2017,A,DT_1OH0504,거주지역별 성별 연령대별 주택소유자수 현황,명,In Person
403,36,전라남도,Jeollanam-do,거주지역별,2,여자,성별,700,80세이상,연령대별,14038,T001,소유자수,101,2017,A,DT_1OH0504,거주지역별 성별 연령대별 주택소유자수 현황,명,In Person
404,36,전라남도,Jeollanam-do,거주지역별,2,여자,성별,800,사망자,연령대별,5980,T001,소유자수,101,2017,A,DT_1OH0504,거주지역별 성별 연령대별 주택소유자수 현황,명,In Person
405,37,경상북도,Gyeongsangbuk-do,거주지역별,0,총계,성별,000,총계,연령대별,798792,T001,소유자수,101,2017,A,DT_1OH0504,거주지역별 성별 연령대별 주택소유자수 현황,명,In Person
406,37,경상북도,Gyeongsangbuk-do,거주지역별,0,총계,성별,100,30세미만,연령대별,13212,T001,소유자수,101,2017,A,DT_1OH0504,거주지역별 성별 연령대별 주택소유자수 현황,명,In Person
407,37,경상북도,Gyeongsangbuk-do,거주지역별,0,총계,성별,200,30~39세,연령대별,87517,T001,소유자수,101,2017,A,DT_1OH0504,거주지역별 성별 연령대별 주택소유자수 현황,명,In Person
408,37,경상북도,Gyeongsangbuk-do,거주지역별,0,총계,성별,300,40~49세,연령대별,156470,T001,소유자수,101,2017,A,DT_1OH0504,거주지역별 성별 연령대별 주택소유자수 현황,명,In Person
409,37,경상북도,Gyeongsangbuk-do,거주지역별,0,총계,성별,400,50~59세,연령대별,191843,T001,소유자수,101,2017,A,DT_1OH0504,거주지역별 성별 연령대별 주택소유자수 현황,명,In Person
410,37,경상북도,Gyeongsangbuk-do,거주지역별,0,총계,성별,500,60~69세,연령대별,160890,T001,소유자수,101,2017,A,DT_1OH0504,거주지역별 성별 연령대별 주택소유자수 현황,명,In Person
411,37,경상북도,Gyeongsangbuk-do,거주지역별,0,총계,성별,600,70~79세,연령대별,99684,T001,소유자수,101,2017,A,DT_1OH0504,거주지역별 성별 연령대별 주택소유자수 현황,명,In Person
412,37,경상북도,Gyeongsangbuk-do,거주지역별,0,총계,성별,700,80세이상,연령대별,36989,T001,소유자수,101,2017,A,DT_1OH0504,거주지역별 성별 연령대별 주택소유자수 현황,명,In Person
413,37,경상북도,Gyeongsangbuk-do,거주지역별,0,총계,성별,800,사망자,연령대별,52187,T001,소유자수,101,2017,A,DT_1OH0504,거주지역별 성별 연령대별 주택소유자수 현황,명,In Person
414,37,경상북도,Gyeongsangbuk-do,거주지역별,1,남자,성별,000,총계,연령대별,491448,T001,소유자수,101,2017,A,DT_1OH0504,거주지역별 성별 연령대별 주택소유자수 현황,명,In Person
415,37,경상북도,Gyeongsangbuk-do,거주지역별,1,남자,성별,100,30세미만,연령대별,7857,T001,소유자수,101,2017,A,DT_1OH0504,거주지역별 성별 연령대별 주택소유자수 현황,명,In Person
416,37,경상북도,Gyeongsangbuk-do,거주지역별,1,남자,성별,200,30~39세,연령대별,55131,T001,소유자수,101,2017,A,DT_1OH0504,거주지역별 성별 연령대별 주택소유자수 현황,명,In Person
417,37,경상북도,Gyeongsangbuk-do,거주지역별,1,남자,성별,300,40~49세,연령대별,90228,T001,소유자수,101,2017,A,DT_1OH0504,거주지역별 성별 연령대별 주택소유자수 현황,명,In Person
418,37,경상북도,Gyeongsangbuk-do,거주지역별,1,남자,성별,400,50~59세,연령대별,112337,T001,소유자수,101,2017,A,DT_1OH0504,거주지역별 성별 연령대별 주택소유자수 현황,명,In Person
419,37,경상북도,Gyeongsangbuk-do,거주지역별,1,남자,성별,500,60~69세,연령대별,98521,T001,소유자수,101,2017,A,DT_1OH0504,거주지역별 성별 연령대별 주택소유자수 현황,명,In Person
420,37,경상북도,Gyeongsangbuk-do,거주지역별,1,남자,성별,600,70~79세,연령대별,59923,T001,소유자수,101,2017,A,DT_1OH0504,거주지역별 성별 연령대별 주택소유자수 현황,명,In Person
421,37,경상북도,Gyeongsangbuk-do,거주지역별,1,남자,성별,700,80세이상,연령대별,21378,T001,소유자수,101,2017,A,DT_1OH0504,거주지역별 성별 연령대별 주택소유자수 현황,명,In Person
422,37,경상북도,Gyeongsangbuk-do,거주지역별,1,남자,성별,800,사망자,연령대별,46073,T001,소유자수,101,2017,A,DT_1OH0504,거주지역별 성별 연령대별 주택소유자수 현황,명,In Person
423,37,경상북도,Gyeongsangbuk-do,거주지역별,2,여자,성별,000,총계,연령대별,307344,T001,소유자수,101,2017,A,DT_1OH0504,거주지역별 성별 연령대별 주택소유자수 현황,명,In Person
424,37,경상북도,Gyeongsangbuk-do,거주지역별,2,여자,성별,100,30세미만,연령대별,5355,T001,소유자수,101,2017,A,DT_1OH0504,거주지역별 성별 연령대별 주택소유자수 현황,명,In Person
425,37,경상북도,Gyeongsangbuk-do,거주지역별,2,여자,성별,200,30~39세,연령대별,32386,T001,소유자수,101,2017,A,DT_1OH0504,거주지역별 성별 연령대별 주택소유자수 현황,명,In Person
426,37,경상북도,Gyeongsangbuk-do,거주지역별,2,여자,성별,300,40~49세,연령대별,66242,T001,소유자수,101,2017,A,DT_1OH0504,거주지역별 성별 연령대별 주택소유자수 현황,명,In Person
427,37,경상북도,Gyeongsangbuk-do,거주지역별,2,여자,성별,400,50~59세,연령대별,79506,T001,소유자수,101,2017,A,DT_1OH0504,거주지역별 성별 연령대별 주택소유자수 현황,명,In Person
428,37,경상북도,Gyeongsangbuk-do,거주지역별,2,여자,성별,500,60~69세,연령대별,62369,T001,소유자수,101,2017,A,DT_1OH0504,거주지역별 성별 연령대별 주택소유자수 현황,명,In Person
429,37,경상북도,Gyeongsangbuk-do,거주지역별,2,여자,성별,600,70~79세,연령대별,39761,T001,소유자수,101,2017,A,DT_1OH0504,거주지역별 성별 연령대별 주택소유자수 현황,명,In Person
430,37,경상북도,Gyeongsangbuk-do,거주지역별,2,여자,성별,700,80세이상,연령대별,15611,T001,소유자수,101,2017,A,DT_1OH0504,거주지역별 성별 연령대별 주택소유자수 현황,명,In Person
431,37,경상북도,Gyeongsangbuk-do,거주지역별,2,여자,성별,800,사망자,연령대별,6114,T001,소유자수,101,2017,A,DT_1OH0504,거주지역별 성별 연령대별 주택소유자수 현황,명,In Person
432,38,경상남도,Gyeongsangnam-do,거주지역별,0,총계,성별,000,총계,연령대별,986620,T001,소유자수,101,2017,A,DT_1OH0504,거주지역별 성별 연령대별 주택소유자수 현황,명,In Person
433,38,경상남도,Gyeongsangnam-do,거주지역별,0,총계,성별,100,30세미만,연령대별,16077,T001,소유자수,101,2017,A,DT_1OH0504,거주지역별 성별 연령대별 주택소유자수 현황,명,In Person
434,38,경상남도,Gyeongsangnam-do,거주지역별,0,총계,성별,200,30~39세,연령대별,133527,T001,소유자수,101,2017,A,DT_1OH0504,거주지역별 성별 연령대별 주택소유자수 현황,명,In Person
435,38,경상남도,Gyeongsangnam-do,거주지역별,0,총계,성별,300,40~49세,연령대별,234114,T001,소유자수,101,2017,A,DT_1OH0504,거주지역별 성별 연령대별 주택소유자수 현황,명,In Person
436,38,경상남도,Gyeongsangnam-do,거주지역별,0,총계,성별,400,50~59세,연령대별,249001,T001,소유자수,101,2017,A,DT_1OH0504,거주지역별 성별 연령대별 주택소유자수 현황,명,In Person
437,38,경상남도,Gyeongsangnam-do,거주지역별,0,총계,성별,500,60~69세,연령대별,178191,T001,소유자수,101,2017,A,DT_1OH0504,거주지역별 성별 연령대별 주택소유자수 현황,명,In Person
438,38,경상남도,Gyeongsangnam-do,거주지역별,0,총계,성별,600,70~79세,연령대별,100405,T001,소유자수,101,2017,A,DT_1OH0504,거주지역별 성별 연령대별 주택소유자수 현황,명,In Person
439,38,경상남도,Gyeongsangnam-do,거주지역별,0,총계,성별,700,80세이상,연령대별,35180,T001,소유자수,101,2017,A,DT_1OH0504,거주지역별 성별 연령대별 주택소유자수 현황,명,In Person
440,38,경상남도,Gyeongsangnam-do,거주지역별,0,총계,성별,800,사망자,연령대별,40125,T001,소유자수,101,2017,A,DT_1OH0504,거주지역별 성별 연령대별 주택소유자수 현황,명,In Person
441,38,경상남도,Gyeongsangnam-do,거주지역별,1,남자,성별,000,총계,연령대별,573282,T001,소유자수,101,2017,A,DT_1OH0504,거주지역별 성별 연령대별 주택소유자수 현황,명,In Person
442,38,경상남도,Gyeongsangnam-do,거주지역별,1,남자,성별,100,30세미만,연령대별,9628,T001,소유자수,101,2017,A,DT_1OH0504,거주지역별 성별 연령대별 주택소유자수 현황,명,In Person
443,38,경상남도,Gyeongsangnam-do,거주지역별,1,남자,성별,200,30~39세,연령대별,83036,T001,소유자수,101,2017,A,DT_1OH0504,거주지역별 성별 연령대별 주택소유자수 현황,명,In Person
444,38,경상남도,Gyeongsangnam-do,거주지역별,1,남자,성별,300,40~49세,연령대별,130813,T001,소유자수,101,2017,A,DT_1OH0504,거주지역별 성별 연령대별 주택소유자수 현황,명,In Person
445,38,경상남도,Gyeongsangnam-do,거주지역별,1,남자,성별,400,50~59세,연령대별,137953,T001,소유자수,101,2017,A,DT_1OH0504,거주지역별 성별 연령대별 주택소유자수 현황,명,In Person
446,38,경상남도,Gyeongsangnam-do,거주지역별,1,남자,성별,500,60~69세,연령대별,102863,T001,소유자수,101,2017,A,DT_1OH0504,거주지역별 성별 연령대별 주택소유자수 현황,명,In Person
447,38,경상남도,Gyeongsangnam-do,거주지역별,1,남자,성별,600,70~79세,연령대별,56224,T001,소유자수,101,2017,A,DT_1OH0504,거주지역별 성별 연령대별 주택소유자수 현황,명,In Person
448,38,경상남도,Gyeongsangnam-do,거주지역별,1,남자,성별,700,80세이상,연령대별,18401,T001,소유자수,101,2017,A,DT_1OH0504,거주지역별 성별 연령대별 주택소유자수 현황,명,In Person
449,38,경상남도,Gyeongsangnam-do,거주지역별,1,남자,성별,800,사망자,연령대별,34364,T001,소유자수,101,2017,A,DT_1OH0504,거주지역별 성별 연령대별 주택소유자수 현황,명,In Person
450,38,경상남도,Gyeongsangnam-do,거주지역별,2,여자,성별,000,총계,연령대별,413338,T001,소유자수,101,2017,A,DT_1OH0504,거주지역별 성별 연령대별 주택소유자수 현황,명,In Person
451,38,경상남도,Gyeongsangnam-do,거주지역별,2,여자,성별,100,30세미만,연령대별,6449,T001,소유자수,101,2017,A,DT_1OH0504,거주지역별 성별 연령대별 주택소유자수 현황,명,In Person
452,38,경상남도,Gyeongsangnam-do,거주지역별,2,여자,성별,200,30~39세,연령대별,50491,T001,소유자수,101,2017,A,DT_1OH0504,거주지역별 성별 연령대별 주택소유자수 현황,명,In Person
453,38,경상남도,Gyeongsangnam-do,거주지역별,2,여자,성별,300,40~49세,연령대별,103301,T001,소유자수,101,2017,A,DT_1OH0504,거주지역별 성별 연령대별 주택소유자수 현황,명,In Person
454,38,경상남도,Gyeongsangnam-do,거주지역별,2,여자,성별,400,50~59세,연령대별,111048,T001,소유자수,101,2017,A,DT_1OH0504,거주지역별 성별 연령대별 주택소유자수 현황,명,In Person
455,38,경상남도,Gyeongsangnam-do,거주지역별,2,여자,성별,500,60~69세,연령대별,75328,T001,소유자수,101,2017,A,DT_1OH0504,거주지역별 성별 연령대별 주택소유자수 현황,명,In Person
456,38,경상남도,Gyeongsangnam-do,거주지역별,2,여자,성별,600,70~79세,연령대별,44181,T001,소유자수,101,2017,A,DT_1OH0504,거주지역별 성별 연령대별 주택소유자수 현황,명,In Person
457,38,경상남도,Gyeongsangnam-do,거주지역별,2,여자,성별,700,80세이상,연령대별,16779,T001,소유자수,101,2017,A,DT_1OH0504,거주지역별 성별 연령대별 주택소유자수 현황,명,In Person
458,38,경상남도,Gyeongsangnam-do,거주지역별,2,여자,성별,800,사망자,연령대별,5761,T001,소유자수,101,2017,A,DT_1OH0504,거주지역별 성별 연령대별 주택소유자수 현황,명,In Person
459,39,제주특별자치도,Jeju,거주지역별,0,총계,성별,000,총계,연령대별,168750,T001,소유자수,101,2017,A,DT_1OH0504,거주지역별 성별 연령대별 주택소유자수 현황,명,In Person
460,39,제주특별자치도,Jeju,거주지역별,0,총계,성별,100,30세미만,연령대별,3171,T001,소유자수,101,2017,A,DT_1OH0504,거주지역별 성별 연령대별 주택소유자수 현황,명,In Person
461,39,제주특별자치도,Jeju,거주지역별,0,총계,성별,200,30~39세,연령대별,21322,T001,소유자수,101,2017,A,DT_1OH0504,거주지역별 성별 연령대별 주택소유자수 현황,명,In Person
462,39,제주특별자치도,Jeju,거주지역별,0,총계,성별,300,40~49세,연령대별,42786,T001,소유자수,101,2017,A,DT_1OH0504,거주지역별 성별 연령대별 주택소유자수 현황,명,In Person
463,39,제주특별자치도,Jeju,거주지역별,0,총계,성별,400,50~59세,연령대별,42569,T001,소유자수,101,2017,A,DT_1OH0504,거주지역별 성별 연령대별 주택소유자수 현황,명,In Person
464,39,제주특별자치도,Jeju,거주지역별,0,총계,성별,500,60~69세,연령대별,29384,T001,소유자수,101,2017,A,DT_1OH0504,거주지역별 성별 연령대별 주택소유자수 현황,명,In Person
465,39,제주특별자치도,Jeju,거주지역별,0,총계,성별,600,70~79세,연령대별,18239,T001,소유자수,101,2017,A,DT_1OH0504,거주지역별 성별 연령대별 주택소유자수 현황,명,In Person
466,39,제주특별자치도,Jeju,거주지역별,0,총계,성별,700,80세이상,연령대별,5882,T001,소유자수,101,2017,A,DT_1OH0504,거주지역별 성별 연령대별 주택소유자수 현황,명,In Person
467,39,제주특별자치도,Jeju,거주지역별,0,총계,성별,800,사망자,연령대별,5397,T001,소유자수,101,2017,A,DT_1OH0504,거주지역별 성별 연령대별 주택소유자수 현황,명,In Person
468,39,제주특별자치도,Jeju,거주지역별,1,남자,성별,000,총계,연령대별,95405,T001,소유자수,101,2017,A,DT_1OH0504,거주지역별 성별 연령대별 주택소유자수 현황,명,In Person
469,39,제주특별자치도,Jeju,거주지역별,1,남자,성별,100,30세미만,연령대별,1911,T001,소유자수,101,2017,A,DT_1OH0504,거주지역별 성별 연령대별 주택소유자수 현황,명,In Person
470,39,제주특별자치도,Jeju,거주지역별,1,남자,성별,200,30~39세,연령대별,12256,T001,소유자수,101,2017,A,DT_1OH0504,거주지역별 성별 연령대별 주택소유자수 현황,명,In Person
471,39,제주특별자치도,Jeju,거주지역별,1,남자,성별,300,40~49세,연령대별,23096,T001,소유자수,101,2017,A,DT_1OH0504,거주지역별 성별 연령대별 주택소유자수 현황,명,In Person
472,39,제주특별자치도,Jeju,거주지역별,1,남자,성별,400,50~59세,연령대별,23165,T001,소유자수,101,2017,A,DT_1OH0504,거주지역별 성별 연령대별 주택소유자수 현황,명,In Person
473,39,제주특별자치도,Jeju,거주지역별,1,남자,성별,500,60~69세,연령대별,16874,T001,소유자수,101,2017,A,DT_1OH0504,거주지역별 성별 연령대별 주택소유자수 현황,명,In Person
474,39,제주특별자치도,Jeju,거주지역별,1,남자,성별,600,70~79세,연령대별,10902,T001,소유자수,101,2017,A,DT_1OH0504,거주지역별 성별 연령대별 주택소유자수 현황,명,In Person
475,39,제주특별자치도,Jeju,거주지역별,1,남자,성별,700,80세이상,연령대별,3015,T001,소유자수,101,2017,A,DT_1OH0504,거주지역별 성별 연령대별 주택소유자수 현황,명,In Person
476,39,제주특별자치도,Jeju,거주지역별,1,남자,성별,800,사망자,연령대별,4186,T001,소유자수,101,2017,A,DT_1OH0504,거주지역별 성별 연령대별 주택소유자수 현황,명,In Person
477,39,제주특별자치도,Jeju,거주지역별,2,여자,성별,000,총계,연령대별,73345,T001,소유자수,101,2017,A,DT_1OH0504,거주지역별 성별 연령대별 주택소유자수 현황,명,In Person
478,39,제주특별자치도,Jeju,거주지역별,2,여자,성별,100,30세미만,연령대별,1260,T001,소유자수,101,2017,A,DT_1OH0504,거주지역별 성별 연령대별 주택소유자수 현황,명,In Person
479,39,제주특별자치도,Jeju,거주지역별,2,여자,성별,200,30~39세,연령대별,9066,T001,소유자수,101,2017,A,DT_1OH0504,거주지역별 성별 연령대별 주택소유자수 현황,명,In Person
480,39,제주특별자치도,Jeju,거주지역별,2,여자,성별,300,40~49세,연령대별,19690,T001,소유자수,101,2017,A,DT_1OH0504,거주지역별 성별 연령대별 주택소유자수 현황,명,In Person
481,39,제주특별자치도,Jeju,거주지역별,2,여자,성별,400,50~59세,연령대별,19404,T001,소유자수,101,2017,A,DT_1OH0504,거주지역별 성별 연령대별 주택소유자수 현황,명,In Person
482,39,제주특별자치도,Jeju,거주지역별,2,여자,성별,500,60~69세,연령대별,12510,T001,소유자수,101,2017,A,DT_1OH0504,거주지역별 성별 연령대별 주택소유자수 현황,명,In Person
483,39,제주특별자치도,Jeju,거주지역별,2,여자,성별,600,70~79세,연령대별,7337,T001,소유자수,101,2017,A,DT_1OH0504,거주지역별 성별 연령대별 주택소유자수 현황,명,In Person
484,39,제주특별자치도,Jeju,거주지역별,2,여자,성별,700,80세이상,연령대별,2867,T001,소유자수,101,2017,A,DT_1OH0504,거주지역별 성별 연령대별 주택소유자수 현황,명,In Person
485,39,제주특별자치도,Jeju,거주지역별,2,여자,성별,800,사망자,연령대별,1211,T001,소유자수,101,2017,A,DT_1OH0504,거주지역별 성별 연령대별 주택소유자수 현황,명,In Person
